year,source_sheet,position_no,supervisor,unit,job_name,job_code,recruit_count,stage,subject,user_type,major_req,edu_req,degree_req,age_req,qualification,exam_category,exam_subcategory,exam_code,exam_method,need_professional_written,need_practical_test,interview_method,ratio,direct_to_written_threshold,consult_phone,notice_url,is_core_it,is_adjacent_digital,it_scope
2022,南宁市2022年公开考试招聘中小学教师岗位计划表,01709,横州市教育局,横州市马山镇双桥村委小学,小学信息技术教师（聘用教师控制数）,1450101709,1,小学,信息技术,聘用教师控制数,电气、电子及自动化类、计算机科学与技术类、电子商务类、教育技术学、现代教育技术、计算机教育,大专及以上,无要求,18-40周岁,具有小学及以上教师资格证书和普通话水平测试等级证书（三级甲等及以上）,中小学教师类（D类）,小学教师岗位,41,,否,否,,否,,0771-7223518,,True,False,信息技术/信息科技
2022,南宁市2022年公开考试招聘中小学教师岗位计划表,01742,横州市教育局,横州市百合镇武留村委小学,小学信息技术教师（聘用教师控制数）,1450101742,1,小学,信息技术,聘用教师控制数,电气、电子及自动化类、计算机科学与技术类、电子商务类、教育技术学、现代教育技术、计算机教育,大专及以上,无要求,18-40周岁,具有小学及以上教师资格证书和普通话水平测试等级证书（三级甲等及以上）,中小学教师类（D类）,小学教师岗位,41,,否,否,,否,,0771-7223518,,True,False,信息技术/信息科技
2022,南宁市2022年公开考试招聘中小学教师岗位计划表,01751,横州市教育局,横州市那阳镇簕竹村委小学,小学信息技术教师（聘用教师控制数）,1450101751,1,小学,信息技术,聘用教师控制数,电气、电子及自动化类、计算机科学与技术类、电子商务类、教育技术学、现代教育技术、计算机教育,大专及以上,无要求,18-40周岁,具有小学及以上教师资格证书和普通话水平测试等级证书（三级甲等及以上）,中小学教师类（D类）,小学教师岗位,41,,否,否,,否,,0771-7223518,,True,False,信息技术/信息科技
2022,南宁市2022年公开考试招聘中小学教师岗位计划表,01758,横州市教育局,横州市那阳镇三合村委小学,小学信息技术教师（聘用教师控制数）,1450101758,1,小学,信息技术,聘用教师控制数,电气、电子及自动化类、计算机科学与技术类、电子商务类、教育技术学、现代教育技术、计算机教育,大专及以上,无要求,18-40周岁,具有小学及以上教师资格证书和普通话水平测试等级证书（三级甲等及以上）,中小学教师类（D类）,小学教师岗位,41,,否,否,,否,,0771-7223518,,True,False,信息技术/信息科技
2022,南宁市2022年公开考试招聘中小学教师岗位计划表,01762,横州市教育局,横州市那阳镇维新联小,小学信息技术教师（聘用教师控制数）,1450101762,1,小学,信息技术,聘用教师控制数,电气、电子及自动化类、计算机科学与技术类、电子商务类、教育技术学、现代教育技术、计算机教育,大专及以上,无要求,18-40周岁,具有小学及以上教师资格证书和普通话水平测试等级证书（三级甲等及以上）,中小学教师类（D类）,小学教师岗位,41,,否,否,,否,,0771-7223518,,True,False,信息技术/信息科技
2022,南宁市2022年公开考试招聘中小学教师岗位计划表,01768,横州市教育局,横州市新福镇飞龙小学,小学信息技术教师（聘用教师控制数）,1450101768,1,小学,信息技术,聘用教师控制数,电气、电子及自动化类、计算机科学与技术类、电子商务类、教育技术学、现代教育技术、计算机教育,大专及以上,无要求,18-40周岁,具有小学及以上教师资格证书和普通话水平测试等级证书（三级甲等及以上）,中小学教师类（D类）,小学教师岗位,41,,否,否,,否,,0771-7223518,,True,False,信息技术/信息科技
2022,南宁市2022年公开考试招聘中小学教师岗位计划表,01788,横州市教育局,横州市平马镇快龙村委小学,小学信息技术教师（聘用教师控制数）,1450101788,1,小学,信息技术,聘用教师控制数,电气、电子及自动化类、计算机科学与技术类、电子商务类、教育技术学、现代教育技术、计算机教育,大专及以上,无要求,18-40周岁,具有小学及以上教师资格证书和普通话水平测试等级证书（三级甲等及以上）,中小学教师类（D类）,小学教师岗位,41,,否,否,,否,,0771-7223518,,True,False,信息技术/信息科技
2022,南宁市2022年公开考试招聘中小学教师岗位计划表,01869,横州市教育局,横州市云表镇甲俭村委小学,小学信息技术教师（聘用教师控制数）,1450101869,1,小学,信息技术,聘用教师控制数,电气、电子及自动化类、计算机科学与技术类、电子商务类、教育技术学、现代教育技术、计算机教育,大专及以上,无要求,18-40周岁,具有小学及以上教师资格证书和普通话水平测试等级证书（三级甲等及以上）,中小学教师类（D类）,小学教师岗位,41,,否,否,,否,,0771-7223518,,True,False,信息技术/信息科技
2022,南宁市2022年公开考试招聘中小学教师岗位计划表,01902,南宁市兴宁区教育局,南宁市朝阳路小学,小学信息技术教师（聘用教师控制数）,1450101902,1,小学,信息技术,聘用教师控制数,计算机教育、计算机科学与技术类、教育技术学、现代教育技术硕士、学科教学硕士,本科及以上,学士及以上,18-35周岁,具有小学及以上教师资格证书和普通话水平测试等级证书（二级乙等及以上）,中小学教师类（D类）,小学教师岗位,41,,否,否,,否,,0771-2434145,,True,False,信息技术/信息科技
2022,南宁市2022年公开考试招聘中小学教师岗位计划表,01905,南宁市兴宁区教育局,南宁市华强路小学,小学信息技术教师（聘用教师控制数）,1450101905,1,小学,信息技术,聘用教师控制数,计算机教育、计算机科学与技术类、教育技术学、现代教育技术硕士、学科教学硕士,本科及以上,学士及以上,18-35周岁,具有教师系列初级及以上职称；小学及以上教师资格证书和普通话水平测试等级证书（二级乙等及以上）,中小学教师类（D类）,小学教师岗位,41,,否,否,,否,,0771-2439526,,True,False,信息技术/信息科技
2022,南宁市2022年公开考试招聘中小学教师岗位计划表,01932,南宁市兴宁区教育局,南宁市兴宁区三塘镇建新小学,小学信息技术教师,1450101932,1,小学,信息技术,实名编制,计算机教育、计算机科学与技术类、教育技术学、现代教育技术硕士、学科教学硕士,本科及以上,无要求,18-35周岁,具有小学及以上教师资格证书和普通话水平测试等级证书（二级乙等及以上）,中小学教师类（D类）,小学教师岗位,41,,否,否,,否,,0771-2867815,,True,False,信息技术/信息科技
2022,南宁市2022年公开考试招聘中小学教师岗位计划表,01987,南宁市兴宁区教育局,南宁市兴桂路小学,小学信息技术教师（聘用教师控制数）,1450101987,1,小学,信息技术,聘用教师控制数,计算机教育、计算机科学与技术类、教育技术学、现代教育技术硕士、学科教学硕士,本科及以上,学士及以上,18-35周岁,具有小学及以上教师资格证书和普通话水平测试等级证书（二级乙等及以上）,中小学教师类（D类）,小学教师岗位,41,,否,否,,否,,0771-8062983,,True,False,信息技术/信息科技
2022,南宁市2022年公开考试招聘中小学教师岗位计划表,02014,南宁市兴宁区教育局,南宁市兴宁区第二初级中学,初中信息技术教师（聘用教师控制数）,1450102014,1,初中,信息技术,聘用教师控制数,计算机教育、计算机科学与技术类、教育技术学、现代教育技术硕士、学科教学硕士,本科及以上,学士及以上,18-35周岁,具有初中及以上教师资格证书和普通话水平测试等级证书（二级乙等及以上）,中小学教师类（D类）,中学教师岗位,42,,否,否,,否,,0771-2233919,,True,False,信息技术/信息科技
2022,南宁市2022年公开考试招聘中小学教师岗位计划表,02032,南宁市兴宁区教育局,南宁市兴宁区兴园路初级中学,初中信息技术教师（聘用教师控制数）,1450102032,1,初中,信息技术,聘用教师控制数,计算机教育、计算机科学与技术类、教育技术学、现代教育技术硕士、学科教学硕士,本科及以上,学士及以上,18-45周岁,具有教师系列中级及以上职称；初中及以上教师资格证书和普通话水平测试等级证书（二级乙等及以上）,中小学教师类（D类）,中学教师岗位,42,,否,否,,否,,0771-3301018,,True,False,信息技术/信息科技
2022,南宁市2022年公开考试招聘中小学教师岗位计划表,02147,南宁市江南区教育局,南宁市江南区苏圩中学,初中信息技术教师（聘用教师控制数）,1450102147,1,初中,信息技术,聘用教师控制数,计算机科学、计算机技术、计算机软件技术、计算机网络技术、计算机信息技术、计算机科学与技术、计算机科学技术,本科及以上,无要求,18-35周岁,具有初中及以上教师资格证书和普通话水平测试等级证书（二级乙等及以上）,中小学教师类（D类）,中学教师岗位,42,,否,否,,否,,0771-4810932,,True,False,信息技术/信息科技
2022,南宁市2022年公开考试招聘中小学教师岗位计划表,02222,南宁市青秀区教育局,南宁市青秀区凤岭北路中学,初中信息技术教师（聘用教师控制数）,1450102222,1,初中,信息技术,聘用教师控制数,计算机技术、电子信息工程、计算机教育,本科及以上,学士及以上,18-30周岁,具有教师系列初级及以上职称；初中及以上教师资格证书和普通话水平测试等级证书（二级乙等及以上）,中小学教师类（D类）,中学教师岗位,42,,否,否,,否,,0771-5826393,,True,False,信息技术/信息科技
2022,南宁市2022年公开考试招聘中小学教师岗位计划表,02309,南宁市青秀区教育局,南宁市民主路小学,小学信息技术教师（聘用教师控制数）,1450102309,1,小学,信息技术,聘用教师控制数,计算机科学、计算机科学与技术、应用电子技术教育、计算机信息科学、计算机信息工程、计算机信息应用、计算机应用、计算机科学技术,本科及以上,学士及以上,18-35周岁,具有小学及以上教师资格证书和普通话水平测试等级证书（二级乙等及以上）,中小学教师类（D类）,小学教师岗位,41,,否,否,,否,,0771-5826393,,True,False,信息技术/信息科技
2022,南宁市2022年公开考试招聘中小学教师岗位计划表,02326,南宁市青秀区教育局,南宁市园湖路小学,小学信息技术教师（聘用教师控制数）,1450102326,1,小学,信息技术,聘用教师控制数,光电信息科学与工程、计算机技术、计算机科学技术、计算机科学与技术、电子信息工程、计算机应用技术,本科及以上,学士及以上,18-30周岁,具有小学及以上教师资格证书和普通话水平测试等级证书（二级乙等及以上）,中小学教师类（D类）,小学教师岗位,41,,否,否,,否,,0771-5826393,,True,False,信息技术/信息科技
2022,南宁市2022年公开考试招聘中小学教师岗位计划表,02344,南宁市青秀区教育局,南宁市星湖小学,小学信息技术教师（聘用教师控制数）,1450102344,1,小学,信息技术,聘用教师控制数,教育技术学、计算机科学与技术、信息管理与信息系统、计算机科学技术,本科及以上,学士及以上,18-30周岁,具有小学及以上教师资格证书和普通话水平测试等级证书（二级乙等及以上）,中小学教师类（D类）,小学教师岗位,41,,否,否,,否,,0771-5826393,,True,False,信息技术/信息科技
2022,南宁市2022年公开考试招聘中小学教师岗位计划表,02354,南宁市青秀区教育局,南宁市逸夫小学,小学信息技术教师（聘用教师控制数）,1450102354,2,小学,信息技术,聘用教师控制数,教育技术学、通信工程、电子信息工程、计算机科学与技术、计算机科学技术,本科及以上,学士及以上,18-30周岁,具有小学及以上教师资格证书和普通话水平测试等级证书（二级乙等及以上）,中小学教师类（D类）,小学教师岗位,41,,否,否,,否,,0771-5826393,,True,False,信息技术/信息科技
2022,南宁市2022年公开考试招聘中小学教师岗位计划表,02369,南宁市青秀区教育局,南宁市滨湖路小学,小学信息技术教师（聘用教师控制数）,1450102369,1,小学,信息技术,聘用教师控制数,应用电子技术教育、计算机科学与技术、计算机应用、计算机科学技术,本科及以上,学士及以上,18-35周岁,具有教师系列初级及以上职称；小学及以上教师资格证书和普通话水平测试等级证书（二级乙等及以上）,中小学教师类（D类）,小学教师岗位,41,,否,否,,否,,0771-5826393,,True,False,信息技术/信息科技
2022,南宁市2022年公开考试招聘中小学教师岗位计划表,02391,南宁市青秀区教育局,南宁市滨湖路小学长虹校区,小学信息技术教师一（聘用教师控制数）,1450102391,1,小学,信息技术,聘用教师控制数,计算机科学与技术、计算机应用、电子信息工程、软件工程、物联网工程、计算机科学技术,本科及以上,学士及以上,18-30周岁,具有小学及以上教师资格证书和普通话水平测试等级证书（二级乙等及以上）,中小学教师类（D类）,小学教师岗位,41,,否,否,,否,,0771-5826393,,True,False,信息技术/信息科技
2022,南宁市2022年公开考试招聘中小学教师岗位计划表,02392,南宁市青秀区教育局,南宁市滨湖路小学长虹校区,小学信息技术教师二（聘用教师控制数）,1450102392,1,小学,信息技术,聘用教师控制数,计算机科学与技术、计算机应用、电子信息工程、软件工程、物联网工程、计算机科学技术,本科及以上,学士及以上,18-30周岁,具有小学及以上教师资格证书和普通话水平测试等级证书（二级乙等及以上）,中小学教师类（D类）,小学教师岗位,41,,否,否,,否,,0771-5826393,,True,False,信息技术/信息科技
2022,南宁市2022年公开考试招聘中小学教师岗位计划表,02411,南宁市青秀区教育局,南宁市滨湖路小学英华校区,小学信息技术教师（聘用教师控制数）,1450102411,1,小学,信息技术,聘用教师控制数,信息工程、电子信息工程、电子科学与技术、电子信息科学与技术、应用电子技术教育、人工智能,本科及以上,学士及以上,18-35周岁,具有教师系列初级及以上职称；小学及以上教师资格证书和普通话水平测试等级证书（二级乙等及以上）,中小学教师类（D类）,小学教师岗位,41,,否,否,,否,,0771-5826393,,True,False,信息技术/信息科技
2022,南宁市2022年公开考试招聘中小学教师岗位计划表,02470,南宁市青秀区教育局,南宁市青秀区埌西小学,小学信息技术教师（聘用教师控制数）,1450102470,1,小学,信息技术,聘用教师控制数,计算机科学与技术、应用电子技术教育、计算机教育、计算机科学技术,本科及以上,学士及以上,18-35周岁,具有小学及以上教师资格证书和普通话水平测试等级证书（二级乙等及以上）,中小学教师类（D类）,小学教师岗位,41,,否,否,,否,,0771-5826393,,True,False,信息技术/信息科技
2022,南宁市2022年公开考试招聘中小学教师岗位计划表,02519,南宁市青秀区教育局,南宁市桂雅路小学,小学信息技术教师（聘用教师控制数）,1450102519,2,小学,信息技术,聘用教师控制数,电子信息工程、计算机科学、网络工程、计算机应用技术,本科及以上,学士及以上,18-35周岁,具有小学及以上教师资格证书和普通话水平测试等级证书（二级乙等及以上）,中小学教师类（D类）,小学教师岗位,41,,否,否,,否,,0771-5826393,,True,False,信息技术/信息科技
2022,南宁市2022年公开考试招聘中小学教师岗位计划表,02535,南宁市青秀区教育局,南宁市桂雅路小学开泰校区,小学信息技术教师（聘用教师控制数）,1450102535,1,小学,信息技术,聘用教师控制数,信息工程、电子信息工程、电子科学与技术、电子信息科学与技术、应用电子技术教育、人工智能,本科及以上,学士及以上,18-35周岁,具有小学及以上教师资格证书和普通话水平测试等级证书（二级乙等及以上）,中小学教师类（D类）,小学教师岗位,41,,否,否,,否,,0771-5826393,,True,False,信息技术/信息科技
2022,南宁市2022年公开考试招聘中小学教师岗位计划表,02555,南宁市青秀区教育局,南宁市云景路小学,小学信息技术教师（聘用教师控制数）,1450102555,1,小学,信息技术,聘用教师控制数,计算机科学与技术、计算机应用、电子信息工程、软件工程、物联网工程、计算机科学技术,本科及以上,学士及以上,18-40周岁,具有教师系列初级及以上职称；小学及以上教师资格证书和普通话水平测试等级证书（二级乙等及以上）,中小学教师类（D类）,小学教师岗位,41,,否,否,,否,,0771-5826393,,True,False,信息技术/信息科技
2022,南宁市2022年公开考试招聘中小学教师岗位计划表,02584,南宁市青秀区教育局,南宁市玉兰路小学,小学信息技术教师一（聘用教师控制数）,1450102584,1,小学,信息技术,聘用教师控制数,电子信息科学与技术、电子信息工程、计算机科学与技术、计算机信息管理、计算机科学技术,本科及以上,学士及以上,18-30周岁,具有教师系列初级及以上职称；小学及以上教师资格证书和普通话水平测试等级证书（二级乙等及以上）,中小学教师类（D类）,小学教师岗位,41,,否,否,,否,,0771-5826393,,True,False,信息技术/信息科技
2022,南宁市2022年公开考试招聘中小学教师岗位计划表,02585,南宁市青秀区教育局,南宁市玉兰路小学,小学信息技术教师二（聘用教师控制数）,1450102585,1,小学,信息技术,聘用教师控制数,计算机科学与技术、电子信息科学与技术、电子信息工程、计算机信息管理、计算机科学技术,本科及以上,无要求,18-40周岁,具有教师系列初级及以上职称；小学及以上教师资格证书和普通话水平测试等级证书（二级乙等及以上）,中小学教师类（D类）,小学教师岗位,41,,否,否,,否,,0771-5826393,,True,False,信息技术/信息科技
2022,南宁市2022年公开考试招聘中小学教师岗位计划表,02647,南宁市青秀区教育局,南宁市青秀区荔英小学,小学信息技术教师（聘用教师控制数）,1450102647,1,小学,信息技术,聘用教师控制数,教育技术学、计算机教育、计算机信息科学、计算机信息技术、计算机应用技术,本科及以上,学士及以上,18-30周岁,具有小学及以上教师资格证书和普通话水平测试等级证书（二级乙等及以上）,中小学教师类（D类）,小学教师岗位,41,,否,否,,否,,0771-5826393,,True,False,信息技术/信息科技
2022,南宁市2022年公开考试招聘中小学教师岗位计划表,02652,南宁市青秀区教育局,南宁市青秀区长塘镇中心学校,小学信息技术教师（聘用教师控制数）,1450102652,1,小学,信息技术,聘用教师控制数,计算机科学与技术、计算机应用与维护、计算机科学教育、计算机科学技术,大专及以上,无要求,18-45周岁,具有小学及以上教师资格证书和普通话水平测试等级证书（二级乙等及以上）,中小学教师类（D类）,小学教师岗位,41,,否,否,,否,,0771-5826393,,True,False,信息技术/信息科技
2022,南宁市2022年公开考试招聘中小学教师岗位计划表,02784,南宁市西乡塘区教育局,南宁市第三十七中学,初中信息技术教师（聘用教师控制数）,1450102784,1,初中,信息技术,聘用教师控制数,计算机科学与技术类、教育技术学,本科及以上,学士及以上,18-35周岁,具有初中及以上教师资格证书和普通话水平测试等级证书（二级乙等及以上）,中小学教师类（D类）,中学教师岗位,42,,否,否,,否,,0771-3397153,,True,False,信息技术/信息科技
2022,南宁市2022年公开考试招聘中小学教师岗位计划表,02805,南宁市西乡塘区教育局,南宁市新阳西路学校,初中信息技术教师（聘用教师控制数）,1450102805,1,初中,信息技术,聘用教师控制数,计算机教育、计算机科学与技术、计算机软件技术、计算机网络技术、计算机信息技术、教育技术学、计算机科学技术,本科及以上,学士及以上,18-35周岁,具有初中及以上教师资格证书和普通话水平测试等级证书（二级乙等及以上）,中小学教师类（D类）,中学教师岗位,42,,否,否,,否,,0771-3397153,,True,False,信息技术/信息科技
2022,南宁市2022年公开考试招聘中小学教师岗位计划表,02845,南宁市西乡塘区教育局,南宁市卫国小学,小学信息技术教师（聘用教师控制数）,1450102845,1,小学,信息技术,聘用教师控制数,计算机科学与技术类、教育技术学,本科及以上,学士及以上,18-35周岁,具有小学及以上教师资格证书和普通话水平测试等级证书（二级乙等及以上）,中小学教师类（D类）,小学教师岗位,41,,否,否,,否,,0771-3397153,,True,False,信息技术/信息科技
2022,南宁市2022年公开考试招聘中小学教师岗位计划表,02881,南宁市西乡塘区教育局,南宁市西乡塘小学,小学信息技术教师（聘用教师控制数）,1450102881,1,小学,信息技术,聘用教师控制数,信息管理与信息系统、教育技术学、计算机科学与技术、软件工程、网络工程、信息安全、计算机科学技术,本科及以上,学士及以上,18-30周岁,具有小学及以上教师资格证书和普通话水平测试等级证书（二级乙等及以上）,中小学教师类（D类）,小学教师岗位,41,,否,否,,否,,0771-3397153,,True,False,信息技术/信息科技
2022,南宁市2022年公开考试招聘中小学教师岗位计划表,02934,南宁市西乡塘区教育局,南宁市秀厢小学,小学信息技术教师（聘用教师控制数）,1450102934,1,小学,信息技术,聘用教师控制数,教育技术学、计算机教育、计算机科学、计算机科学与技术、计算机技术、计算机科学技术,本科及以上,无要求,18-35周岁,具有小学及以上教师资格证书和普通话水平测试等级证书（二级乙等及以上）,中小学教师类（D类）,小学教师岗位,41,,否,否,,否,,0771-3397153,,True,False,信息技术/信息科技
2022,南宁市2022年公开考试招聘中小学教师岗位计划表,02947,南宁市西乡塘区教育局,南宁市桃花源小学,小学信息技术教师（聘用教师控制数）,1450102947,2,小学,信息技术,聘用教师控制数,计算机科学与技术类、教育技术学,本科及以上,学士及以上,18-30周岁,具有小学及以上教师资格证书和普通话水平测试等级证书（二级乙等及以上）,中小学教师类（D类）,小学教师岗位,41,,否,否,,否,,0771-3397153,,True,False,信息技术/信息科技
2022,南宁市2022年公开考试招聘中小学教师岗位计划表,02989,南宁市西乡塘区教育局,南宁市明天学校,初中信息技术教师（聘用教师控制数）,1450102989,1,初中,信息技术,聘用教师控制数,计算机科学与技术类、教育技术学,本科及以上,学士及以上,18-35周岁,具有初中及以上教师资格证书和普通话水平测试等级证书（二级乙等及以上）,中小学教师类（D类）,中学教师岗位,42,,否,否,,否,,0771-3397153,,True,False,信息技术/信息科技
2022,南宁市2022年公开考试招聘中小学教师岗位计划表,03008,南宁市西乡塘区教育局,南宁市西乡塘区苏卢小学,小学信息技术教师（聘用教师控制数）,1450103008,1,小学,信息技术,聘用教师控制数,教育技术学、计算机教育、计算机科学、计算机科学与技术、计算机技术、计算机科学技术,本科及以上,无要求,18-35周岁,具有小学及以上教师资格证书和普通话水平测试等级证书（二级乙等及以上）,中小学教师类（D类）,小学教师岗位,41,,否,否,,否,,0771-3397153,,True,False,信息技术/信息科技
2022,南宁市2022年公开考试招聘中小学教师岗位计划表,03024,南宁市西乡塘区教育局,南宁市罗文学校,初中信息技术教师（聘用教师控制数）,1450103024,1,初中,信息技术,聘用教师控制数,计算机科学与技术类、教育技术学,本科及以上,学士及以上,18-35周岁,具有初中及以上教师资格证书和普通话水平测试等级证书（二级乙等及以上）,中小学教师类（D类）,中学教师岗位,42,,否,否,,否,,0771-3397153,,True,False,信息技术/信息科技
2022,南宁市2022年公开考试招聘中小学教师岗位计划表,03054,南宁市西乡塘区教育局,南宁市龙腾路小学,小学信息技术教师（聘用教师控制数）,1450103054,1,小学,信息技术,聘用教师控制数,计算机科学与技术、信息管理与信息系统、计算机教育、教育技术学、计算机科学技术,本科及以上,无要求,18-30周岁,具有小学及以上教师资格证书和普通话水平测试等级证书（二级乙等及以上）,中小学教师类（D类）,小学教师岗位,41,,否,否,,否,,0771-3397153,,True,False,信息技术/信息科技
2022,南宁市2022年公开考试招聘中小学教师岗位计划表,03068,南宁市西乡塘区教育局,南宁市西乡塘区鲁班路小学,小学信息技术教师（聘用教师控制数）,1450103068,1,小学,信息技术,聘用教师控制数,教育技术学、计算机科学与技术、人工智能、计算机科学技术,本科及以上,学士及以上,18-35周岁,具有小学及以上教师资格证书和普通话水平测试等级证书（二级乙等及以上）,中小学教师类（D类）,小学教师岗位,41,,否,否,,否,,0771-3397153,,True,False,信息技术/信息科技
2022,南宁市2022年公开考试招聘中小学教师岗位计划表,03107,南宁市西乡塘区教育局,南宁市西乡塘区灵湾小学,小学信息技术教师（聘用教师控制数）,1450103107,1,小学,信息技术,聘用教师控制数,计算机科学与技术类、教育技术学,大专及以上,无要求,18-35周岁,具有小学及以上教师资格证书和普通话水平测试等级证书（二级乙等及以上）,中小学教师类（D类）,小学教师岗位,41,,否,否,,否,,0771-3397153,,True,False,信息技术/信息科技
2022,南宁市2022年公开考试招聘中小学教师岗位计划表,03207,南宁市邕宁区教育局,南宁市邕宁区第二小学,小学信息技术教师（聘用教师控制数）,1450103207,1,小学,信息技术,聘用教师控制数,计算机应用、计算机科学技术、计算机教育、计算机科学、计算机技术、计算机科学与技术、计算机应用与维护、计算机多媒体技术、教育技术学、计算机信息科学、计算机应用技术,本科及以上,学士及以上,18-35周岁,具有小学及以上教师资格证书和普通话水平测试等级证书（二级乙等及以上）,中小学教师类（D类）,小学教师岗位,41,,否,否,,否,,0771-4724862,,True,False,信息技术/信息科技
2022,南宁市2022年公开考试招聘中小学教师岗位计划表,03215,南宁市邕宁区教育局,南宁市邕宁区第二小学龙岗分校,小学信息技术教师（聘用教师控制数）,1450103215,1,小学,信息技术,聘用教师控制数,计算机应用、计算机科学技术、计算机教育、计算机科学、计算机技术、计算机科学与技术、计算机应用与维护、计算机多媒体技术、教育技术学、计算机信息科学、计算机应用技术,本科及以上,学士及以上,18-35周岁,具有小学及以上教师资格证书和普通话水平测试等级证书（二级乙等及以上）,中小学教师类（D类）,小学教师岗位,41,,否,否,,否,,0771-4724862,,True,False,信息技术/信息科技
2022,南宁市2022年公开考试招聘中小学教师岗位计划表,03244,南宁市邕宁区教育局,南宁市邕宁区康岭路小学,小学信息技术教师（聘用教师控制数）,1450103244,1,小学,信息技术,聘用教师控制数,计算机应用、计算机科学技术、计算机教育、计算机科学、计算机技术、计算机科学与技术、计算机应用与维护、计算机多媒体技术、教育技术学、计算机信息科学、计算机应用技术,本科及以上,学士及以上,18-35周岁,具有小学及以上教师资格证书和普通话水平测试等级证书（二级乙等及以上）,中小学教师类（D类）,小学教师岗位,41,,否,否,,否,,0771-4724862,,True,False,信息技术/信息科技
2022,南宁市2022年公开考试招聘中小学教师岗位计划表,03267,南宁市邕宁区教育局,南宁市邕宁区步云路小学,小学信息技术教师（聘用教师控制数）,1450103267,1,小学,信息技术,聘用教师控制数,计算机应用、计算机科学技术、计算机教育、计算机科学、计算机技术、计算机科学与技术、计算机应用与维护、计算机多媒体技术、教育技术学、计算机信息科学、计算机应用技术,本科及以上,学士及以上,18-35周岁,具有小学及以上教师资格证书和普通话水平测试等级证书（二级乙等及以上）,中小学教师类（D类）,小学教师岗位,41,,否,否,,否,,0771-4724862,,True,False,信息技术/信息科技
2022,南宁市2022年公开考试招聘中小学教师岗位计划表,03299,南宁市邕宁区教育局,南宁市邕宁区百济镇中心学校,小学信息技术教师（聘用教师控制数）,1450103299,1,小学,信息技术,聘用教师控制数,计算机应用、计算机科学技术、计算机教育、计算机科学、计算机技术、计算机科学与技术、计算机应用与维护、计算机多媒体技术、教育技术学、计算机信息科学、计算机应用技术,大专及以上,无要求,18-35周岁,具有小学及以上教师资格证书和普通话水平测试等级证书（二级乙等及以上）,中小学教师类（D类）,小学教师岗位,41,,否,否,,否,,0771-4724862,,True,False,信息技术/信息科技
2022,南宁市2022年公开考试招聘中小学教师岗位计划表,03318,南宁市良庆区教育局,南宁市第四十六中学,初中信息技术教师（聘用教师控制数）,1450103318,1,初中,信息技术,聘用教师控制数,教育学类、计算机科学与技术类,本科及以上,学士及以上,18-40周岁,具有初中及以上教师资格证书和普通话水平测试等级证书（二级乙等及以上）,中小学教师类（D类）,中学教师岗位,42,,否,否,,否,,0771-4503008、0771-4501877,,True,False,信息技术/信息科技
2022,南宁市2022年公开考试招聘中小学教师岗位计划表,03324,南宁市良庆区教育局,南宁市体强路初级中学,初中信息技术教师（聘用教师控制数）,1450103324,1,初中,信息技术,聘用教师控制数,计算机教育、计算机科学与技术、软件工程、计算机应用与保护、计算机信息与管理、计算机科学技术,本科及以上,学士及以上,18-35周岁,具有初中及以上教师资格证书和普通话水平测试等级证书（二级乙等及以上）,中小学教师类（D类）,中学教师岗位,42,,否,否,,否,,0771-4503008、0771-4501877,,True,False,信息技术/信息科技
2022,南宁市2022年公开考试招聘中小学教师岗位计划表,03352,南宁市良庆区教育局,南宁市百灵路初级中学,初中信息技术教师（聘用教师控制数）,1450103352,1,初中,信息技术,聘用教师控制数,教育技术学、计算机教育、计算机科学技术、软件工程、计算机应用技术,本科及以上,学士及以上,18-35周岁,具有初中及以上教师资格证书和普通话水平测试等级证书（二级乙等及以上）,中小学教师类（D类）,中学教师岗位,42,,否,否,,否,,0771-4503008、0771-4501877,,True,False,信息技术/信息科技
2022,南宁市2022年公开考试招聘中小学教师岗位计划表,03375,南宁市良庆区教育局,南宁市良庆区良庆镇新团小学,小学信息技术教师（聘用教师控制数）,1450103375,1,小学,信息技术,聘用教师控制数,教育学类、计算机科学与技术类,大专及以上,无要求,18-40周岁,具有小学及以上教师资格证书和普通话水平测试等级证书（二级乙等及以上）,中小学教师类（D类）,小学教师岗位,41,,否,否,,否,,0771-4503008、0771-4501877,,True,False,信息技术/信息科技
2022,南宁市2022年公开考试招聘中小学教师岗位计划表,03388,南宁市良庆区教育局,南宁市五象小学,小学信息技术教师（聘用教师控制数）,1450103388,1,小学,信息技术,聘用教师控制数,现代教育技术、信息安全、教育技术学、计算机科学与技术、计算机科学技术,本科及以上,学士及以上,18-35周岁,具有小学及以上教师资格证书和普通话水平测试等级证书（二级乙等及以上）,中小学教师类（D类）,小学教师岗位,41,,否,否,,否,,0771-4503008、0771-4501877,,True,False,信息技术/信息科技
2022,南宁市2022年公开考试招聘中小学教师岗位计划表,03393,南宁市良庆区教育局,南宁市百灵路小学,小学信息技术教师（聘用教师控制数）,1450103393,1,小学,信息技术,聘用教师控制数,计算机科学与技术、计算机科学技术、计算机科学、计算机技术、计算机信息科学、计算机应用、计算机应用技术、教育技术学,本科及以上,学士及以上,18-35周岁,具有小学及以上教师资格证书和普通话水平测试等级证书（二级乙等及以上）,中小学教师类（D类）,小学教师岗位,41,,否,否,,否,,0771-4503008、0771-4501877,,True,False,信息技术/信息科技
2022,南宁市2022年公开考试招聘中小学教师岗位计划表,03412,南宁市良庆区教育局,南宁市良庆区良玉小学,小学信息技术教师（聘用教师控制数）,1450103412,1,小学,信息技术,聘用教师控制数,计算机教育、计算机科学与教育、计算机应用、电子信息工程、电子与计算机工程,本科及以上,学士及以上,18-35周岁,具有小学及以上教师资格证书和普通话水平测试等级证书（二级乙等及以上）,中小学教师类（D类）,小学教师岗位,41,,否,否,,否,,0771-4503008、0771-4501877,,True,False,信息技术/信息科技
2022,南宁市2022年公开考试招聘中小学教师岗位计划表,03428,南宁市良庆区教育局,南宁市良庆区南晓镇中心学校,小学信息技术教师（聘用教师控制数）,1450103428,1,小学,信息技术,聘用教师控制数,教育学类、计算机科学与技术类,大专及以上,无要求,18-40周岁,具有小学及以上教师资格证书和普通话水平测试等级证书（二级乙等及以上）,中小学教师类（D类）,小学教师岗位,41,,否,否,,否,,0771-4503008、0771-4501877,,True,False,信息技术/信息科技
2022,南宁市2022年公开考试招聘中小学教师岗位计划表,03505,南宁高新技术产业开发区管理委员会,南宁市相思湖学校,初中信息技术教师（聘用教师控制数）,1450103505,1,初中,信息技术,聘用教师控制数,计算机科学与技术类、教育技术学,本科及以上,无要求,18-30周岁,具有初中及以上教师资格证书和普通话水平测试等级证书（二级乙等及以上）,中小学教师类（D类）,中学教师岗位,42,,否,否,,否,,0771-3185216、0771-5816946,,True,False,信息技术/信息科技
2022,南宁市2022年公开考试招聘中小学教师岗位计划表,03536,南宁高新技术产业开发区管理委员会,南宁市第四十九中学,初中信息技术教师（聘用教师控制数）,1450103536,1,初中,信息技术,聘用教师控制数,计算机科学与技术类,本科及以上,无要求,18-30周岁,具有初中及以上教师资格证书和普通话水平测试等级证书（二级乙等及以上）,中小学教师类（D类）,中学教师岗位,42,,否,否,,否,,0771-3185216、0771-5816946,,True,False,信息技术/信息科技
2022,南宁市2022年公开考试招聘中小学教师岗位计划表,03611,南宁高新技术产业开发区管理委员会,南宁市西庄路小学,小学信息技术教师（聘用教师控制数）,1450103611,1,小学,信息技术,聘用教师控制数,计算机科学与技术类、电子商务类、教育技术学,本科及以上,无要求,18-30周岁,具有小学及以上教师资格证书和普通话水平测试等级证书（二级乙等及以上）,中小学教师类（D类）,小学教师岗位,41,,否,否,,否,,0771-3185216、0771-5816946,,True,False,信息技术/信息科技
2022,南宁市2022年公开考试招聘中小学教师岗位计划表,03627,南宁高新技术产业开发区管理委员会,南宁市高新二路小学,小学信息技术教师（聘用教师控制数）,1450103627,1,小学,信息技术,聘用教师控制数,计算机科学与技术类、教育技术学,本科及以上,无要求,18-30周岁,具有小学及以上教师资格证书和普通话水平测试等级证书（二级乙等及以上）,中小学教师类（D类）,小学教师岗位,41,,否,否,,否,,0771-3185216、0771-5816946,,True,False,信息技术/信息科技
2022,南宁市2022年公开考试招聘中小学教师岗位计划表,03636,南宁高新技术产业开发区管理委员会,南宁市西乡塘区北湖小学,小学信息技术教师（聘用教师控制数）,1450103636,1,小学,信息技术,聘用教师控制数,计算机科学与技术类、教育技术学,本科及以上,学士及以上,18-35周岁,具有教师系列初级及以上职称；小学及以上教师资格证书和普通话水平测试等级证书（二级乙等及以上）,中小学教师类（D类）,小学教师岗位,41,,否,否,,否,,0771-3185216、0771-5816946,,True,False,信息技术/信息科技
2022,南宁市2022年公开考试招聘中小学教师岗位计划表,03650,南宁高新技术产业开发区管理委员会,南宁市西乡塘区西津小学,小学信息技术教师（聘用教师控制数）,1450103650,1,小学,信息技术,聘用教师控制数,计算机科学与技术类,本科及以上,无要求,18-30周岁,具有小学及以上教师资格证书和普通话水平测试等级证书（二级乙等及以上）,中小学教师类（D类）,小学教师岗位,41,,否,否,,否,,0771-3185216、0771-5816946,,True,False,信息技术/信息科技
2022,南宁市2022年公开考试招聘中小学教师岗位计划表,03724,广西-东盟经济技术开发区教育文体局,广西-东盟经济技术开发区（南宁华侨投资区）上平路小学,小学信息技术教师,1450103724,1,小学,信息技术,实名编制,软件工程、计算机网络技术、网络工程、信息安全、数字媒体技术,本科及以上,学士及以上,18-35周岁,具有小学及以上教师资格证书和普通话水平测试等级证书（二级乙等及以上）,中小学教师类（D类）,小学教师岗位,41,,否,否,,否,,0771-6336691,,True,False,信息技术/信息科技
2022,南宁市2022年公开考试招聘中小学教师岗位计划表,03791,南宁经济技术开发区文体教育局,南宁市江南区槎路小学,小学信息技术教师（聘用教师控制数）,1450103791,1,小学,信息技术,聘用教师控制数,计算机科学技术、计算机教育、计算机科学、计算机技术、计算机科学与技术、教育技术学,本科及以上,学士及以上,18-35周岁,具有小学及以上教师资格证书和普通话水平测试等级证书（二级乙等及以上）,中小学教师类（D类）,小学教师岗位,41,,否,否,,否,,0771-4950207,,True,False,信息技术/信息科技
2022,南宁市2022年公开考试招聘中小学教师岗位计划表,03810,南宁经济技术开发区文体教育局,南宁市江南区群益小学,小学信息技术教师,1450103810,1,小学,信息技术,实名编制,计算机科学与技术类、小学教育、计算机教育、教育技术学,大专及以上,无要求,18-35周岁,具有小学及以上教师资格证书和普通话水平测试等级证书（二级乙等及以上）,中小学教师类（D类）,小学教师岗位,41,,否,否,,否,,0771-4950207,,True,False,信息技术/信息科技
2022,南宁市2022年公开考试招聘中小学教师岗位计划表,03835,南宁经济技术开发区文体教育局,南宁市江南区罗村小学,小学信息技术教师,1450103835,1,小学,信息技术,实名编制,计算机科学与技术类、小学教育、计算机教育、教育技术学,大专及以上,无要求,18-35周岁,具有小学及以上教师资格证书和普通话水平测试等级证书（二级乙等及以上）,中小学教师类（D类）,小学教师岗位,41,,否,否,,否,,0771-4950207,,True,False,信息技术/信息科技
2022,南宁市2022年公开考试招聘中小学教师岗位计划表,03851,南宁经济技术开发区文体教育局,南宁市金凯路小学,小学信息技术教师,1450103851,1,小学,信息技术,实名编制,信息管理与信息系统、计算机技术、计算机软件技术、计算机网络技术、计算机系统维护、计算机应用与维护,本科及以上,学士及以上,18-30周岁,具有小学及以上教师资格证书和普通话水平测试等级证书（二级乙等及以上）,中小学教师类（D类）,小学教师岗位,41,,否,否,,否,,0771-4950207,,True,False,信息技术/信息科技
2022,南宁市2022年公开考试招聘中小学教师岗位计划表,03852,南宁经济技术开发区文体教育局,南宁市金凯路小学,小学信息技术教师（聘用教师控制数）,1450103852,1,小学,信息技术,聘用教师控制数,信息管理与信息系统、计算机技术、计算机软件技术、计算机网络技术、计算机系统维护、计算机应用与维护、计算机信息技术、计算机信息应用、计算机管理、计算机应用、计算机多媒体技术、计算机教育,本科及以上,学士及以上,18-35周岁,具有小学及以上教师资格证书和普通话水平测试等级证书（二级乙等及以上）,中小学教师类（D类）,小学教师岗位,41,,否,否,,否,,0771-4950207,,True,False,信息技术/信息科技
2022,南宁市2022年公开考试招聘中小学教师岗位计划表,03866,南宁经济技术开发区文体教育局,南宁市奥园小学,小学信息技术教师,1450103866,2,小学,信息技术,实名编制,计算机科学、计算机技术、计算机科学技术、计算机教育、计算机信息科学、计算机信息技术、计算机科学与技术、教育技术学、计算机应用、网络工程,本科及以上,学士及以上,18-35周岁,具有教师系列初级及以上职称；小学及以上教师资格证书和普通话水平测试等级证书（二级乙等及以上）,中小学教师类（D类）,小学教师岗位,41,,否,否,,否,,0771-4950207,,True,False,信息技术/信息科技
2022,南宁市2022年公开考试招聘中小学教师岗位计划表,03876,南宁经济技术开发区文体教育局,南宁市奥园小学,小学信息技术教师（聘用教师控制数）,1450103876,1,小学,信息技术,聘用教师控制数,计算机科学、计算机技术、计算机科学技术、计算机教育、计算机信息科学、计算机信息技术、计算机科学与技术、教育技术学、计算机应用、网络工程,本科及以上,学士及以上,18-30周岁,具有小学及以上教师资格证书和普通话水平测试等级证书（二级乙等及以上）,中小学教师类（D类）,小学教师岗位,41,,否,否,,否,,0771-4950207,,True,False,信息技术/信息科技
2022,南宁市2022年公开考试招聘中小学教师岗位计划表,03893,南宁经济技术开发区文体教育局,南宁市江南区高山塘小学,小学信息技术教师（聘用教师控制数）,1450103893,1,小学,信息技术,聘用教师控制数,计算机科学与技术、教育技术学、自动化、网络工程、软件工程、计算机科学技术,本科及以上,学士及以上,18-35周岁,具有小学及以上教师资格证书和普通话水平测试等级证书（二级乙等及以上）,中小学教师类（D类）,小学教师岗位,41,,否,否,,否,,0771-4950207,,True,False,信息技术/信息科技
2022,南宁市2022年公开考试招聘中小学教师岗位计划表,03910,南宁经济技术开发区文体教育局,南宁经济技术开发区第三小学,小学信息技术教师,1450103910,1,小学,信息技术,实名编制,计算机科学、计算机技术、计算机科学技术、计算机教育、计算机信息科学、计算机信息技术、计算机科学与技术、教育技术学、计算机应用,本科及以上,学士及以上,18-40周岁,具有教师系列初级及以上职称；小学及以上教师资格证书和普通话水平测试等级证书（二级乙等及以上）,中小学教师类（D类）,小学教师岗位,41,,否,否,,否,,0771-4950207,,True,False,信息技术/信息科技
2022,南宁市2022年公开考试招聘中小学教师岗位计划表,03911,南宁经济技术开发区文体教育局,南宁经济技术开发区第三小学,小学信息技术教师（聘用教师控制数）,1450103911,1,小学,信息技术,聘用教师控制数,计算机科学、计算机技术、计算机科学技术、计算机教育、计算机信息科学、计算机信息技术、计算机科学与技术、教育技术学、计算机应用,本科及以上,学士及以上,18-30周岁,具有小学及以上教师资格证书和普通话水平测试等级证书（二级乙等及以上）,中小学教师类（D类）,小学教师岗位,41,,否,否,,否,,0771-4950207,,True,False,信息技术/信息科技
2022,南宁市2022年公开考试招聘中小学教师岗位计划表,03928,南宁经济技术开发区文体教育局,南宁市江南区平阳小学,小学信息技术教师（聘用教师控制数）,1450103928,1,小学,信息技术,聘用教师控制数,计算机科学与技术、计算机科学、计算机技术、计算机科学技术、计算机信息技术、计算机教育、教育技术学,本科及以上,学士及以上,18-35周岁,具有小学及以上教师资格证书和普通话水平测试等级证书（二级乙等及以上）,中小学教师类（D类）,小学教师岗位,41,,否,否,,否,,0771-4950207,,True,False,信息技术/信息科技
2022,南宁市2022年公开考试招聘中小学教师岗位计划表,03951,南宁经济技术开发区文体教育局,南宁经济技术开发区第一小学,小学信息技术教师,1450103951,1,小学,信息技术,实名编制,计算机科学、计算机技术、计算机科学技术、计算机教育、计算机信息科学、计算机信息技术、计算机科学与技术、教育技术学、计算机应用、网络工程,本科及以上,学士及以上,18-35周岁,具有小学及以上教师资格证书和普通话水平测试等级证书（二级乙等及以上）,中小学教师类（D类）,小学教师岗位,41,,否,否,,否,,0771-4950207,,True,False,信息技术/信息科技
2022,南宁市2022年公开考试招聘中小学教师岗位计划表,03965,南宁经济技术开发区文体教育局,南宁市江南区居仁小学,小学信息技术教师,1450103965,1,小学,信息技术,实名编制,计算机科学、计算机技术、计算机科学技术、计算机教育、计算机信息科学、计算机信息技术、计算机科学与技术、教育技术学、计算机应用,大专及以上,无要求,18-40周岁,具有教师系列初级及以上职称；小学及以上教师资格证书和普通话水平测试等级证书（二级乙等及以上）,中小学教师类（D类）,小学教师岗位,41,,否,否,,否,,0771-4950207,,True,False,信息技术/信息科技
2022,南宁市2022年公开考试招聘中小学教师岗位计划表,03990,南宁经济技术开发区文体教育局,南宁市碧翠园学校,小学信息技术教师（聘用教师控制数）,1450103990,1,小学,信息技术,聘用教师控制数,计算机科学、计算机技术、计算机科学技术、计算机科学与技术,本科及以上,学士及以上,18-40周岁,具有教师系列初级及以上职称；小学及以上教师资格证书和普通话水平测试等级证书（二级乙等及以上）,中小学教师类（D类）,小学教师岗位,41,,否,否,,否,,0771-4950207,,True,False,信息技术/信息科技
2022,南宁市2022年公开考试招聘中小学教师岗位计划表,04010,南宁经济技术开发区文体教育局,南宁市碧翠园学校,初中信息技术教师,1450104010,1,初中,信息技术,实名编制,计算机科学、计算机技术、计算机科学技术、计算机科学与技术,本科及以上,学士及以上,18-30周岁,具有教师系列初级及以上职称；初中及以上教师资格证书和普通话水平测试等级证书（二级乙等及以上）,中小学教师类（D类）,中学教师岗位,42,,否,否,,否,,0771-4950207,,True,False,信息技术/信息科技
2022,南宁市2022年公开考试招聘中小学教师岗位计划表,04023,南宁经济技术开发区文体教育局,南宁市江南区明阳中学,初中信息技术教师（聘用教师控制数）,1450104023,1,初中,信息技术,聘用教师控制数,计算机科学与技术类、教育技术学、电子信息科学与工程,本科及以上,学士及以上,18-35周岁,具有教师系列初级及以上职称；初中及以上教师资格证书和普通话水平测试等级证书（二级乙等及以上）,中小学教师类（D类）,中学教师岗位,42,,否,否,,否,,0771-4950207,,True,False,信息技术/信息科技
2022,南宁市2022年公开考试招聘中小学教师岗位计划表,04033,南宁经济技术开发区文体教育局,南宁市江南区明阳第二初级中学,小学信息技术教师,1450104033,1,小学,信息技术,实名编制,计算机科学与技术类、计算机教育,大专及以上,无要求,18-35周岁,具有小学及以上教师资格证书和普通话水平测试等级证书（二级乙等及以上）,中小学教师类（D类）,小学教师岗位,41,,否,否,,否,,0771-4950207,,True,False,信息技术/信息科技
2022,南宁市2022年公开考试招聘中小学教师岗位计划表,04056,南宁经济技术开发区文体教育局,南宁经济技术开发区光明路学校,小学信息技术教师（聘用教师控制数）,1450104056,1,小学,信息技术,聘用教师控制数,计算机科学与技术类、现代教育技术,大专及以上,无要求,18-35周岁,具有小学及以上教师资格证书和普通话水平测试等级证书（二级乙等及以上）,中小学教师类（D类）,小学教师岗位,41,,否,否,,否,,0771-4950207,,True,False,信息技术/信息科技
2022,南宁市2022年公开考试招聘中小学教师岗位计划表,04091,南宁经济技术开发区文体教育局,南宁经济技术开发区光明路学校,初中信息技术教师,1450104091,1,初中,信息技术,实名编制,计算机科学与技术类、计算机教育、教育技术学,本科及以上,学士及以上,18-35周岁,具有初中及以上教师资格证书和普通话水平测试等级证书（二级乙等及以上）,中小学教师类（D类）,中学教师岗位,42,,否,否,,否,,0771-4950207,,True,False,信息技术/信息科技
2022,南宁市2022年公开考试招聘中小学教师岗位计划表,04101,南宁经济技术开发区文体教育局,南宁市江南区那洪中学,初中信息技术教师（聘用教师控制数）,1450104101,1,初中,信息技术,聘用教师控制数,计算机科学与技术、网络工程、信息安全、数字媒体技术、电子与计算机工程、数据科学与大数据技术、计算机科学技术,本科及以上,学士及以上,18-35周岁,具有初中及以上教师资格证书和普通话水平测试等级证书（二级乙等及以上）,中小学教师类（D类）,中学教师岗位,42,,否,否,,否,,0771-4950207,,True,False,信息技术/信息科技
2022,南宁市2022年公开考试招聘中小学教师岗位计划表,04112,南宁经济技术开发区文体教育局,南宁经济技术开发区第一初级中学,初中信息技术教师（聘用教师控制数）,1450104112,1,初中,信息技术,聘用教师控制数,计算机科学技术、计算机教育、计算机信息科学、计算机信息技术、计算机科学与技术、计算机应用,本科及以上,学士及以上,18-30周岁,具有教师系列初级及以上职称；初中及以上教师资格证书和普通话水平测试等级证书（二级乙等及以上）,中小学教师类（D类）,中学教师岗位,42,,否,否,,否,,0771-4950207,,True,False,信息技术/信息科技
2022,南宁市2022年公开考试招聘中小学教师岗位计划表,04145,南宁经济技术开发区文体教育局,南宁经济技术开发区星光初级中学,初中信息技术教师,1450104145,1,初中,信息技术,实名编制,计算机科学、计算机技术、计算机科学技术、计算机教育、计算机信息科学、计算机信息技术、计算机科学与技术、教育技术学、计算机应用,本科及以上,学士及以上,18-35周岁,具有初中及以上教师资格证书和普通话水平测试等级证书（二级乙等及以上）,中小学教师类（D类）,中学教师岗位,42,,否,否,,否,,0771-4950207,,True,False,信息技术/信息科技
2022,南宁市2022年公开考试招聘中小学教师岗位计划表,04218,南宁市宾阳县教育局,宾阳县职业技术学校,中职信息技术教师,1450104218,1,中职,信息技术,实名编制,计算机科学与技术类、计算机教育、教育技术学、现代教育技术,本科及以上,无要求,18-35周岁,具有高中或中等职业学校及以上教师资格证书和普通话水平测试等级证书（二级乙等及以上）,中小学教师类（D类）,中学教师岗位,42,,否,否,,否,,0771-8229591,,True,False,信息技术/信息科技
2022,南宁市2022年公开考试招聘中小学教师岗位计划表,04236,南宁市宾阳县教育局,宾阳县宾州镇永武完小,小学信息技术教师（聘用教师控制数）,1450104236,1,小学,信息技术,聘用教师控制数,计算机科学与技术类、计算机教育、教育技术学、现代教育技术,大专及以上,无要求,18-35周岁,具有小学及以上教师资格证书和普通话水平测试等级证书（二级乙等及以上）,中小学教师类（D类）,小学教师岗位,41,,否,否,,否,,0771-8229591,,True,False,信息技术/信息科技
2022,南宁市2022年公开考试招聘中小学教师岗位计划表,04252,南宁市宾阳县教育局,宾阳县宾州镇恭村完小,小学信息技术教师（聘用教师控制数),1450104252,1,小学,信息技术,聘用教师控制数,计算机科学与技术类、计算机教育、教育技术学、现代教育技术,大专及以上,无要求,18-35周岁,具有小学及以上教师资格证书和普通话水平测试等级证书（二级乙等及以上）,中小学教师类（D类）,小学教师岗位,41,,否,否,,否,,0771-8229591,,True,False,信息技术/信息科技
2023,Sheet1,1341,南宁市兴宁区教育局,南宁市解放路小学,小学信息技术教师（聘用教师控制数）,1450101341,1,小学,信息技术,聘用教师控制数,计算机科学与技术类,本科及以上,学士及以上,18-35周岁,具有小学及以上教师资格证书和普通话水平测试等级证书（二级乙等及以上）,中小学教师类（D类）,小学教师岗位,41,,否,否,,否,,0771-3290742,,True,False,信息技术/信息科技
2023,Sheet1,1432,南宁市江南区教育局,南宁市五一路学校,初中信息技术教师（聘用教师控制数）,1450101432,1,初中,信息技术,聘用教师控制数,计算机科学与技术类,本科及以上,无要求,18-45周岁,具有教师系列中级及以上职称；初中及以上教师资格证书和普通话水平测试等级证书（二级乙等及以上）,中小学教师类（D类）,中学教师岗位,42,,否,否,,否,,0771-4810932,,True,False,信息技术/信息科技
2023,Sheet1,1473,南宁市江南区教育局,南宁市壮锦学校,小学信息技术教师（聘用教师控制数）,1450101473,1,小学,信息技术,聘用教师控制数,计算机科学及技术类,本科及以上,学士及以上,18-35周岁,具有教师系列初级及以上职称；小学及以上教师资格证书和普通话水平测试等级证书（二级乙等及以上）,中小学教师类（D类）,小学教师岗位,41,,否,否,,否,,0771-4810932,,True,False,信息技术/信息科技
2023,Sheet1,1549,南宁市良庆区教育局,南宁市良庆区金良路小学,小学信息技术教师（聘用教师控制数）,1450101549,1,小学,信息技术,聘用教师控制数,教育技术学专业，计算机科学与技术类,本科及以上,学士及以上,18-30周岁,具有小学及以上教师资格证书和普通话水平测试等级证书（二级乙等及以上）,中小学教师类（D类）,小学教师岗位,41,,否,否,,否,,0771-4503008、0771-4501877,,True,False,信息技术/信息科技
2023,Sheet1,1563,南宁市良庆区教育局,南宁市百灵路小学,小学信息技术教师（聘用教师控制数）,1450101563,1,小学,信息技术,聘用教师控制数,教育技术学专业，计算机科学与技术类,本科及以上,学士及以上,18-35周岁,具有小学及以上教师资格证书和普通话水平测试等级证书（二级乙等及以上）,中小学教师类（D类）,小学教师岗位,41,,否,否,,否,,0771-4503008、0771-4501877,,True,False,信息技术/信息科技
2023,Sheet1,1585,南宁市良庆区教育局,南宁市良庆区春华路小学,小学信息技术教师（聘用教师控制数）,1450101585,1,小学,信息技术,聘用教师控制数,教育技术学专业，计算机科学与技术类,本科及以上,学士及以上,18-35周岁,具有小学及以上教师资格证书和普通话水平测试等级证书（二级乙等及以上）,中小学教师类（D类）,小学教师岗位,41,,否,否,,否,,0771-4503008、0771-4501877,,True,False,信息技术/信息科技
2023,Sheet1,1642,南宁高新技术产业开发区教育局,南宁市高新小学,小学信息技术教师（聘用教师控制数）,1450101642,1,小学,信息技术,聘用教师控制数,计算机科学与技术类,本科及以上,学士及以上,18-35周岁,具有教师系列初级及以上职称；小学及以上教师资格证书和普通话水平测试等级证书（二级乙等及以上）,中小学教师类（D类）,小学教师岗位,41,,否,否,,否,,0771-3185216、0771-5816946,,True,False,信息技术/信息科技
2023,Sheet1,1644,南宁高新技术产业开发区教育局,南宁市新际路小学,小学信息技术教师（聘用教师控制数）,1450101644,1,小学,信息技术,聘用教师控制数,计算机科学与技术类,本科及以上,学士及以上,18-35周岁,具有教师系列初级及以上职称；小学及以上教师资格证书和普通话水平测试等级证书（二级乙等及以上）,中小学教师类（D类）,小学教师岗位,41,,否,否,,否,,0771-3185216、0771-5816946,,True,False,信息技术/信息科技
2023,Sheet1,1658,南宁高新技术产业开发区教育局,南宁高新技术产业开发区路西小学,小学信息技术教师（聘用教师控制数）,1450101658,1,小学,信息技术,聘用教师控制数,计算机科学与技术类,本科及以上,无要求,18-35周岁,具有小学及以上教师资格证书和普通话水平测试等级证书（二级乙等及以上）,中小学教师类（D类）,小学教师岗位,41,,否,否,,否,,0771-3185216、0771-5816946,,True,False,信息技术/信息科技
2023,Sheet1,1701,南宁经济技术开发区文体教育局,南宁经济技术开发区八桂绿城小学,小学信息技术教师（聘用教师控制数）,1450101701,1,小学,信息技术,聘用教师控制数,计算机科学与技术类，信息管理与信息系统专业,本科及以上,学士及以上,18-30周岁,具有小学及以上教师资格证书和普通话水平测试等级证书（二级乙等及以上）,中小学教师类（D类）,小学教师岗位,41,,否,否,,否,,0771-4950207,,True,False,信息技术/信息科技
2023,Sheet1,1707,南宁经济技术开发区文体教育局,南宁经济技术开发区普罗旺斯小学,小学信息技术教师（聘用教师控制数）,1450101707,1,小学,信息技术,聘用教师控制数,计算机科学与技术类,本科及以上,学士及以上,18-35周岁,具有小学及以上教师资格证书和普通话水平测试等级证书（二级乙等及以上）,中小学教师类（D类）,小学教师岗位,41,,否,否,,否,,0771-4950207,,True,False,信息技术/信息科技
2023,Sheet1,1723,南宁经济技术开发区文体教育局,南宁经济技术开发区第二小学,小学信息技术教师,1450101723,1,小学,信息技术,实名编制,计算机科学与技术类，教育技术学专业,本科及以上,学士及以上,18-35周岁,具有小学及以上教师资格证书和普通话水平测试等级证书（二级乙等及以上）,中小学教师类（D类）,小学教师岗位,41,,否,否,,否,,0771-4950207,,True,False,信息技术/信息科技
2023,Sheet1,1741,南宁经济技术开发区文体教育局,南宁市金阳路小学,小学信息技术教师,1450101741,1,小学,信息技术,实名编制,计算机科学与技术类,本科及以上,学士及以上,18-35周岁,具有小学及以上教师资格证书和普通话水平测试等级证书（二级乙等及以上）,中小学教师类（D类）,小学教师岗位,41,,否,否,,否,,0771-4950207,,True,False,信息技术/信息科技
2023,Sheet1,1751,南宁经济技术开发区文体教育局,南宁市沛阳路小学,小学信息技术教师（聘用教师控制数）,1450101751,1,小学,信息技术,聘用教师控制数,计算机科学与技术类，教育技术学专业,本科及以上,学士及以上,18-35周岁,具有小学及以上教师资格证书和普通话水平测试等级证书（二级乙等及以上）,中小学教师类（D类）,小学教师岗位,41,,否,否,,否,,0771-4950207,,True,False,信息技术/信息科技
2023,Sheet1,1755,南宁经济技术开发区文体教育局,南宁市金凯路小学,小学信息技术教师（聘用教师控制数）,1450101755,1,小学,信息技术,聘用教师控制数,计算机科学与技术类，信息管理与信息系统专业,本科及以上,学士及以上,18-30周岁,具有小学及以上教师资格证书和普通话水平测试等级证书（二级乙等及以上）,中小学教师类（D类）,小学教师岗位,41,,否,否,,否,,0771-4950207,,True,False,信息技术/信息科技
2023,Sheet1,1771,南宁经济技术开发区文体教育局,南宁市江南区高岭小学,小学信息技术教师,1450101771,1,小学,信息技术,实名编制,计算机科学与技术类，计算机教育专业,本科及以上,学士及以上,18-35周岁,具有教师系列初级及以上职称；小学及以上教师资格证书和普通话水平测试等级证书（二级乙等及以上）,中小学教师类（D类）,小学教师岗位,41,,否,否,,否,,0771-4950207,,True,False,信息技术/信息科技
2023,Sheet1,1832,南宁经济技术开发区文体教育局,南宁经济技术开发区星光初级中学,初中信息技术教师,1450101832,2,初中,信息技术,实名编制,计算机科学与技术类，教育技术学专业,本科及以上,学士及以上,18-35周岁,具有初中及以上教师资格证书和普通话水平测试等级证书（二级乙等及以上）,中小学教师类（D类）,中学教师岗位,42,,否,否,,否,,0771-4950207,,True,False,信息技术/信息科技
2023,Sheet1,1839,南宁经济技术开发区文体教育局,南宁市江南区那洪中学,初中信息技术教师,1450101839,1,初中,信息技术,实名编制,计算机科学与技术类，教育技术学专业、电子信息科学与工程专业,本科及以上,学士及以上,18-35周岁,具有初中及以上教师资格证书和普通话水平测试等级证书（二级乙等及以上）,中小学教师类（D类）,中学教师岗位,42,,否,否,,否,,0771-4950207,,True,False,信息技术/信息科技
2023,Sheet1,1874,南宁经济技术开发区文体教育局,南宁市江南区明阳第二初级中学,初中信息技术教师（聘用教师控制数）,1450101874,1,初中,信息技术,聘用教师控制数,计算机科学与技术类，计算机教育专业、教育技术学专业、现代教育技术硕士专业、学科教学硕士专业,本科及以上,学士及以上,18-35周岁,具有初中及以上教师资格证书和普通话水平测试等级证书（二级乙等及以上）,中小学教师类（D类）,中学教师岗位,42,,否,否,,否,,0771-4950207,,True,False,信息技术/信息科技
2023,Sheet1,1898,广西-东盟经济技术开发区管理委员会,广西-东盟经济技术开发区（南宁华侨投资区）华侨中学,初中信息技术教师,1450101898,1,初中,信息技术,实名编制,计算机科学与技术专业、电子信息技术专业、教育技术专业,本科及以上,无要求,18-35周岁,具有初中及以上教师资格证书和普通话水平测试等级证书（二级乙等及以上）,中小学教师类（D类）,中学教师岗位,42,,否,否,,否,,0771-6336691,,True,False,信息技术/信息科技
2023,Sheet1,1899,广西-东盟经济技术开发区管理委员会,广西-东盟经济技术开发区（南宁华侨投资区）华侨中学,初中信息技术教师（聘用教师控制数）,1450101899,1,初中,信息技术,聘用教师控制数,计算机科学与技术专业、电子信息技术专业、教育技术专业,本科及以上,无要求,18-35周岁,具有初中及以上教师资格证书和普通话水平测试等级证书（二级乙等及以上）,中小学教师类（D类）,中学教师岗位,42,,否,否,,否,,0771-6336691,,True,False,信息技术/信息科技
2023,Sheet1,1964,广西-东盟经济技术开发区管理委员会,广西-东盟经济技术开发区（南宁华侨投资区）上平路小学,小学信息技术教师,1450101964,1,小学,信息技术,实名编制,计算机科学与技术类,本科及以上,无要求,18-30周岁,具有小学及以上教师资格证书和普通话水平测试等级证书（二级乙等及以上）,中小学教师类（D类）,小学教师岗位,41,,否,否,,否,,0771-6336691,,True,False,信息技术/信息科技
2023,Sheet1,2078,南宁市宾阳县教育局,宾阳县古辣镇中心学校,小学信息技术教师（聘用教师控制数）,1450102078,1,小学,信息技术,聘用教师控制数,计算机科学与技术类，计算机教育专业、教育技术学专业、现代教育技术专业,大专及以上,无要求,18-35周岁,具有小学及以上教师资格证书和普通话水平测试等级证书（二级乙等及以上）,中小学教师类（D类）,小学教师岗位,41,,否,否,,否,,0771-8229591,,True,False,信息技术/信息科技
2023,Sheet1,2207,南宁市隆安县教育局,隆安县中等职业技术学校,中职信息技术教师,1450102207,1,中职,信息技术,实名编制,计算机科学与技术类,本科及以上,学士及以上,18-35周岁,具有高中或中等职业学校及以上教师资格证书和普通话水平测试等级证书（二级乙等及以上）,中小学教师类（D类）,中学教师岗位,42,,否,否,,否,,0771-6528702,,True,False,信息技术/信息科技
2024,Sheet1,14,南宁市江南区教育局,南宁市江南小学,小学信息技术教师（聘用教师控制数）,1450101240,1,小学,信息技术,聘用教师控制数,计算机科学与技术类,本科及以上,学士及以上,18-35周岁,具有小学及以上教师资格证书和普通话水平测试等级证书（二级乙等及以上）,中小学教师类（D类）,小学教师岗位,41,,否,否,,,,0771-4810932,,True,False,信息技术/信息科技
2024,Sheet1,47,南宁市江南区教育局,南宁市江南区文岭小学,小学信息技术教师（聘用教师控制数）,1450101273,1,小学,信息技术,聘用教师控制数,计算机科学与技术类,本科及以上,学士及以上,18-35周岁,具有小学及以上教师资格证书和普通话水平测试等级证书（二级乙等及以上）,中小学教师类（D类）,小学教师岗位,41,,否,否,,,,0771-4810932,,True,False,信息技术/信息科技
2024,Sheet1,105,南宁市江南区教育局,南宁经济技术开发区第一小学,小学信息技术教师（聘用教师控制数）,1450101331,1,小学,信息技术,聘用教师控制数,数字媒体技术专业，智能科学与技术专业，电影制作专业，新媒体技术专业，虚拟现实技术专业，计算机多媒体技术专业，多媒体制作专业，计算机与智能科学专业，教育技术学专业，计算机教育专业,本科及以上,学士及以上,18-35周岁,具有小学及以上教师资格证书和普通话水平测试等级证书（二级乙等及以上）,中小学教师类（D类）,小学教师岗位,41,,否,否,,,,0771-4810932,,True,False,信息技术/信息科技
2024,Sheet1,255,南宁市兴宁区教育局,南宁市兴宁区天德路学校,初中信息技术教师（聘用教师控制数）,1450101481,1,初中,信息技术,聘用教师控制数,计算机科学与技术类,本科及以上,学士及以上,18-35周岁,具有初中及以上教师资格证书和普通话水平测试等级证书（二级乙等及以上）,中小学教师类（D类）,中学教师岗位,42,,否,否,,,,0771-3290742,,True,False,信息技术/信息科技
2024,Sheet1,322,南宁市兴宁区教育局,南宁市兴宁区金川路小学,小学信息技术教师（聘用教师控制数）,1450101548,1,小学,信息技术,聘用教师控制数,计算机科学与技术类,本科及以上,学士及以上,18-35周岁,具有小学及以上教师资格证书和普通话水平测试等级证书（二级乙等及以上）,中小学教师类（D类）,小学教师岗位,41,,否,否,,,,0771-3290742,,True,False,信息技术/信息科技
2024,Sheet1,333,南宁市兴宁区教育局,南宁市兴宁区平云路北段小学,小学信息技术教师（聘用教师控制数）,1450101559,1,小学,信息技术,聘用教师控制数,计算机科学与技术类,本科及以上,学士及以上,18-35周岁,具有小学及以上教师资格证书和普通话水平测试等级证书（二级乙等及以上）,中小学教师类（D类）,小学教师岗位,41,,否,否,,,,0771-3290742,,True,False,信息技术/信息科技
2024,Sheet1,344,南宁市兴宁区教育局,南宁市兴宁区红光路小学,小学信息技术教师（聘用教师控制数）,1450101570,1,小学,信息技术,聘用教师控制数,计算机科学与技术类,本科及以上,学士及以上,18-35周岁,具有小学及以上教师资格证书和普通话水平测试等级证书（二级乙等及以上）,中小学教师类（D类）,小学教师岗位,41,,否,否,,,,0771-3290742,,True,False,信息技术/信息科技
2024,Sheet1,375,南宁市西乡塘区教育局,南宁市第三十七中学,初中信息技术教师（聘用教师控制数）,1450101601,2,初中,信息技术,聘用教师控制数,计算机科学与技术类，计算机教育专业，电子信息科学与技术专业，学科教学（信息技术）专业,本科及以上,学士及以上,18-35周岁,具有初中及以上教师资格证书和普通话水平测试等级证书（二级乙等及以上）,中小学教师类（D类）,中学教师岗位,42,,否,否,,,,0771-3397153,,True,False,信息技术/信息科技
2025,去色版,30,南宁市教育局,南宁市第二中学,中学信息技术教师（聘用教师控制数）,250030,1,中学,信息技术,聘用教师控制数,计算机科学与技术类，教育技术学专业,大学本科及以上,学士及以上,18-40周岁,中级及以上,,,,直接面试,,,,1:3,,0771-5757880,http://jy.nanning.gov.cn/,True,False,信息技术/信息科技
2025,去色版,116,南宁市教育局,南宁市第八中学,中学信息技术教师（聘用教师控制数）,250116,1,中学,信息技术,聘用教师控制数,现代教育技术专业，课程与教学论专业，计算机科学与技术专业，计算机技术专业，计算机应用技术专业,研究生,硕士及以上,18-35周岁,无要求,,,,直接面试,,,,1:3,,0771-3939479,http://jy.nanning.gov.cn/,True,False,信息技术/信息科技
2025,去色版,181,南宁市教育局,南宁市第十四中学,中学信息技术教师（聘用教师控制数）,250181,1,中学,信息技术,聘用教师控制数,现代教育技术专业，计算机技术专业，计算机科学与技术专业,研究生,硕士及以上,18-35周岁,无要求,,,,直接面试,,,,1:3,,0771-5718695,http://jy.nanning.gov.cn/,True,False,信息技术/信息科技
2025,去色版,236,南宁市教育局,南宁沛鸿民族中学,中学信息技术教师一（聘用教师控制数）,250236,2,中学,信息技术,聘用教师控制数,计算机科学与技术类，教育技术学专业,大学本科及以上,学士及以上,18-30周岁,无要求,,,,笔试+面试,,,,1:3,,0771-5320955,http://jy.nanning.gov.cn/,True,False,信息技术/信息科技
2025,去色版,237,南宁市教育局,南宁沛鸿民族中学,中学信息技术教师二（聘用教师控制数）,250237,1,中学,信息技术,聘用教师控制数,计算机科学与技术类，教育技术学专业,研究生,硕士及以上,18-30周岁,无要求,,,,直接面试,,,,1:3,,0771-5320955,http://jy.nanning.gov.cn/,True,False,信息技术/信息科技
2025,去色版,270,南宁市教育局,南宁市第二十一中学,中学信息技术教师（聘用教师控制数）,250270,1,中学,信息技术,聘用教师控制数,计算机科学与技术专业，计算机科学专业，计算机技术专业，计算机科学技术专业，计算机应用技术专业,大学本科及以上,学士及以上,18-35周岁,无要求,,,,笔试+面试,,,,1:3,,0771-4923083,http://jy.nanning.gov.cn/,True,False,信息技术/信息科技
2025,去色版,292,南宁市教育局,南宁市第三职业技术学校,中职计算机教师一（教职人员控制数）,250292,2,中职,计算机,中职学校教职人员控制数,计算机科学与技术专业，计算机科学技术专业，软件工程专业，网络工程专业，计算机管理专业，计算机应用专业，计算机控制专业,大学本科及以上,学士及以上,18-40周岁,中级及以上,,,,直接面试,,,,1:3,,0771-5608366,http://jy.nanning.gov.cn/,False,True,相邻数字技术
2025,去色版,293,南宁市教育局,南宁市第三职业技术学校,中职计算机教师二（教职人员控制数）,250293,1,中职,计算机,中职学校教职人员控制数,数据科学与大数据技术专业，大数据工程技术专业，人工智能工程技术专业，大数据技术与工程专业，物联网工程专业,大学本科及以上,学士及以上,18-35周岁,无要求,,,,笔试+面试,,,,1:3,,0771-5608366,http://jy.nanning.gov.cn/,False,True,相邻数字技术
2025,去色版,294,南宁市教育局,南宁市第三职业技术学校,中职网络教师（教职人员控制数）,250294,2,中职,未识别,中职学校教职人员控制数,软件工程专业，网络工程专业，计算机网络技术专业，计算机网络工程专业，网络与信息安全专业，信息管理与信息系统专业,大学本科及以上,学士及以上,18-35周岁,无要求,,,,笔试+面试,,,,1:3,,0771-5608366,http://jy.nanning.gov.cn/,False,True,相邻数字技术
2025,去色版,312,南宁市教育局,南宁市第四职业技术学校,中职工业机器人技术专业教师,250312,1,中职,未识别,实名编,机械设计制造及其自动化专业，机械电子工程专业，自动化专业,大学本科及以上,学士及以上,18-35周岁,中级及以上,,,,直接面试,,,,1:3,,0771-5714369,http://jy.nanning.gov.cn/,False,True,相邻数字技术
2025,去色版,380,南宁市教育局,南宁市邕宁高级中学,高中信息技术教师（聘用教师控制数）,250380,1,高中,信息技术,聘用教师控制数,计算机科学与技术类，教育技术学专业,大学本科及以上,学士及以上,18-30周岁,无要求,,,,笔试+面试,,,,1:3,,0771-4721699,http://jy.nanning.gov.cn/,True,False,信息技术/信息科技
2025,去色版,495,南宁市教育局,南宁市三美学校,初中信息技术教师（聘用教师控制数）,250495,1,初中,信息技术,聘用教师控制数,教育技术学专业，计算机科学与技术专业，计算机科学技术专业，计算机应用技术专业,大学本科及以上,学士及以上,18-35周岁,无要求,,,,笔试+面试,,,,1:3,,0771-5738594,http://jy.nanning.gov.cn/,True,False,信息技术/信息科技
2025,去色版,523,兴宁区教育局,南宁市兴宁区兴园路初级中学,初中信息技术教师（聘用教师控制数）,250523,1,初中,信息技术,聘用教师控制数,计算机科学与技术类，教育技术学专业,大学本科及以上,学士及以上,18-35周岁,无要求,,,,笔试+面试,,,,1:3,,0771-3290742,http://www.nnxn.gov.cn/rmzfzcbm/jiaoyuju1/tzgg_27579/,True,False,信息技术/信息科技
2025,去色版,580,兴宁区教育局,南宁市虹桥小学,小学信息技术教师（聘用教师控制数）,250580,1,小学,信息技术,聘用教师控制数,计算机科学与技术类，教育技术学专业,大学本科及以上,学士及以上,18-35周岁,无要求,,,,笔试+面试,,,,1:3,,0771-3290742,http://www.nnxn.gov.cn/rmzfzcbm/jiaoyuju1/tzgg_27579/,True,False,信息技术/信息科技
2025,去色版,605,兴宁区教育局,南宁市那考河小学,小学信息技术教师（聘用教师控制数）,250605,1,小学,信息技术,聘用教师控制数,计算机科学与技术类，教育技术学专业,大学本科及以上,学士及以上,18-35周岁,无要求,,,,笔试+面试,,,,1:3,,0771-3290742,http://www.nnxn.gov.cn/rmzfzcbm/jiaoyuju1/tzgg_27579/,True,False,信息技术/信息科技
2025,去色版,679,江南区教育局,南宁市江南区贵和路小学,小学信息技术教师（聘用教师控制数）,250679,1,小学,信息技术,聘用教师控制数,计算机科学与技术类，教育技术学专业,大学本科及以上,学士及以上,18-35周岁,无要求,,,,笔试+面试,,,,1:3,,0771-4810932,http://www.nnjn.gov.cn/zl/nnsjnqjyj/,True,False,信息技术/信息科技
2025,去色版,707,江南区教育局,南宁市友谊路小学,小学信息技术教师（聘用教师控制数）,250707,1,小学,信息技术,聘用教师控制数,计算机科学与技术类，教育技术学专业,大学本科及以上,学士及以上,18-35周岁,无要求,,,,笔试+面试,,,,1:3,,0771-4810932,http://www.nnjn.gov.cn/zl/nnsjnqjyj/,True,False,信息技术/信息科技
2025,去色版,780,青秀区教育局,南宁市滨湖路小学,小学信息技术教师一（聘用教师控制数）,250780,2,小学,信息技术,聘用教师控制数,软件工程专业，信息管理与信息系统(工学学士学位)专业，计算机科学与技术专业，计算机科学技术专业，人工智能工程技术专业,大学本科及以上,学士及以上,18-30周岁,无要求,,,,笔试+面试,,,,1:3,,0771-5826393,http://www.qingxiu.gov.cn/,True,False,信息技术/信息科技
2025,去色版,781,青秀区教育局,南宁市滨湖路小学,小学信息技术教师二（聘用教师控制数）,250781,1,小学,信息技术,聘用教师控制数,教育技术学专业，物联网工程专业，信息管理与信息系统(工学学士学位)专业，人工智能工程技术专业,大学本科及以上,学士及以上,18-30周岁,助理级及以上,,,,笔试+面试,,,,1:3,,0771-5826393,http://www.qingxiu.gov.cn/,True,False,信息技术/信息科技
2025,去色版,826,青秀区教育局,南宁市桂雅路小学,小学信息技术教师（聘用教师控制数）,250826,1,小学,信息技术,聘用教师控制数,人工智能专业，计算机应用技术专业，软件工程专业,大学本科及以上,学士及以上,18-30周岁,无要求,,,,笔试+面试,,,,1:3,,0771-5826393,http://www.qingxiu.gov.cn/,True,False,信息技术/信息科技
2025,去色版,871,青秀区教育局,南宁市青秀区彩虹路小学,小学信息技术教师（聘用教师控制数）,250871,1,小学,信息技术,聘用教师控制数,计算机科学与技术专业，计算机科学技术专业，计算机教育专业，计算机应用技术专业，数据科学与大数据技术专业,大学本科及以上,学士及以上,18-30周岁,无要求,,,,笔试+面试,,,,1:3,,0771-5826393,http://www.qingxiu.gov.cn/,True,False,信息技术/信息科技
2025,去色版,888,青秀区教育局,南宁市民主路小学,小学信息技术教师（聘用教师控制数）,250888,1,小学,信息技术,聘用教师控制数,计算机应用技术专业，软件工程专业，计算机技术专业，人工智能专业，大数据技术与工程专业,研究生,硕士及以上,18-30周岁,无要求,,,,笔试+面试,,,,1:3,,0771-5826393,http://www.qingxiu.gov.cn/,True,False,信息技术/信息科技
2025,去色版,896,青秀区教育局,南宁市星湖小学,小学信息技术教师（聘用教师控制数）,250896,1,小学,信息技术,聘用教师控制数,计算机科学与技术专业，计算机科学技术专业，计算机科学专业，计算机技术专业，计算机教育专业，计算机应用专业，数字媒体技术专业,大学本科及以上,学士及以上,18-30周岁,助理级及以上,,,,笔试+面试,,,,1:3,,0771-5826393,http://www.qingxiu.gov.cn/,True,False,信息技术/信息科技
2025,去色版,1022,马山县教育局,马山县马山中学,中学信息技术教师,251022,1,中学,信息技术,实名编,计算机科学与技术类,大学本科及以上,学士及以上,18-35周岁,无要求,,,,笔试+面试,,,,1:3,,0771-6819785,http://www.nnms.gov.cn/xxgk/xxgkml/jcxxgk/rsxx/zkzp/,True,False,信息技术/信息科技
2025,去色版,1058,西乡塘区教育局,南宁市第十八中学,初中信息技术教师（聘用教师控制数）,251058,1,初中,信息技术,聘用教师控制数,计算机科学与技术类，教育技术学专业，计算机教育专业，电子信息科学与技术专业，现代教育技术专业,大学本科及以上,学士及以上,18-35周岁,无要求,,,,笔试+面试,,,,1:3,,0771-3397153,http://www.xxtq.gov.cn/xxtqjyj/zfxxgg/fdzdgknr/qtzysx/jszp/,True,False,信息技术/信息科技
2025,去色版,1150,西乡塘区教育局,南宁市北湖北路学校,小学信息技术教师（聘用教师控制数）,251150,3,小学,信息技术,聘用教师控制数,计算机科学与技术类，教育技术学专业，计算机教育专业，信息科学技术专业，电子信息科学与技术专业，应用电子技术专业，应用电子技术教育专业，现代教育技术专业,大学本科及以上,学士及以上,18-35周岁,无要求,,,,笔试+面试,,,,1:3,,0771-3397153,http://www.xxtq.gov.cn/xxtqjyj/zfxxgg/fdzdgknr/qtzysx/jszp/,True,False,信息技术/信息科技
2025,去色版,1157,西乡塘区教育局,南宁市友衡学校,小学信息技术教师（聘用教师控制数）,251157,1,小学,信息技术,聘用教师控制数,计算机科学与技术类，教育技术学专业，计算机教育专业，信息科学技术专业，电子信息科学与技术专业，应用电子技术专业，应用电子技术教育专业，现代教育技术专业,大学本科及以上,学士及以上,18-35周岁,无要求,,,,笔试+面试,,,,1:3,,0771-3397153,http://www.xxtq.gov.cn/xxtqjyj/zfxxgg/fdzdgknr/qtzysx/jszp/,True,False,信息技术/信息科技
2025,去色版,1194,西乡塘区教育局,南宁市罗文学校,小学信息技术教师（聘用教师控制数）,251194,1,小学,信息技术,聘用教师控制数,计算机科学与技术类，教育技术学专业，计算机教育专业，信息科学技术专业，电子信息科学与技术专业，应用电子技术专业，应用电子技术教育专业，现代教育技术专业,大学本科及以上,学士及以上,18-35周岁,无要求,,,,笔试+面试,,,,1:3,,0771-3397153,http://www.xxtq.gov.cn/xxtqjyj/zfxxgg/fdzdgknr/qtzysx/jszp/,True,False,信息技术/信息科技
2025,去色版,1212,西乡塘区教育局,南宁市卫国小学,小学信息技术教师（聘用教师控制数）,251212,1,小学,信息技术,聘用教师控制数,计算机科学与技术类，教育技术学专业，计算机教育专业，信息科学技术专业，电子信息科学与技术专业，应用电子技术专业，应用电子技术教育专业，现代教育技术专业,大学本科及以上,学士及以上,18-35周岁,无要求,,,,笔试+面试,,,,1:3,,0771-3397153,http://www.xxtq.gov.cn/xxtqjyj/zfxxgg/fdzdgknr/qtzysx/jszp/,True,False,信息技术/信息科技
2025,去色版,1297,西乡塘区教育局,南宁市西大附属学校,小学信息技术教师（聘用教师控制数）,251297,1,小学,信息技术,聘用教师控制数,计算机科学与技术类，教育技术学专业，计算机教育专业，信息科学技术专业，电子信息科学与技术专业，应用电子技术专业，应用电子技术教育专业，现代教育技术专业,大学本科及以上,学士及以上,18-40周岁,中级及以上,,,,直接面试,,,,1:3,,0771-3397153,http://www.xxtq.gov.cn/xxtqjyj/zfxxgg/fdzdgknr/qtzysx/jszp/,True,False,信息技术/信息科技
2025,去色版,1309,西乡塘区教育局,南宁市西乡塘区鲁班路小学,小学信息技术教师（聘用教师控制数）,251309,1,小学,信息技术,聘用教师控制数,计算机科学与技术类，教育技术学专业，计算机教育专业，信息科学技术专业，电子信息科学与技术专业，应用电子技术专业，应用电子技术教育专业，现代教育技术专业,大学本科及以上,学士及以上,18-35周岁,无要求,,,,笔试+面试,,,,1:3,,0771-3397153,http://www.xxtq.gov.cn/xxtqjyj/zfxxgg/fdzdgknr/qtzysx/jszp/,True,False,信息技术/信息科技
2025,去色版,1316,西乡塘区教育局,南宁市西乡塘区北大路小学,小学信息技术教师（聘用教师控制数）,251316,1,小学,信息技术,聘用教师控制数,计算机科学与技术类，教育技术学专业，计算机教育专业，信息科学技术专业，电子信息科学与技术专业，应用电子技术专业，应用电子技术教育专业，现代教育技术专业,大学本科及以上,学士及以上,18-35周岁,无要求,,,,笔试+面试,,,,1:3,,0771-3397153,http://www.xxtq.gov.cn/xxtqjyj/zfxxgg/fdzdgknr/qtzysx/jszp/,True,False,信息技术/信息科技
2025,去色版,1483,高新技术产业开发区教育局,南宁市高新小学,小学信息技术教师（聘用教师控制数）,251483,1,小学,信息技术,聘用教师控制数,计算机科学与技术类，教育技术学专业,大学本科及以上,学士及以上,18-35周岁,助理级及以上,,,,笔试+面试,,,,1:3,,0771-3185216,http://gxq.nanning.gov.cn/bmwz/nngxqjyj/,True,False,信息技术/信息科技
2025,去色版,1502,高新技术产业开发区教育局,南宁市创业路学校,初中信息技术教师（聘用教师控制数）,251502,1,初中,信息技术,聘用教师控制数,计算机科学与技术类，教育技术学专业,大学本科及以上,无要求,18-40周岁,中级及以上,,,,笔试+面试,,,,1:3,,0771-3185216,http://gxq.nanning.gov.cn/bmwz/nngxqjyj/,True,False,信息技术/信息科技
2025,去色版,1514,高新技术产业开发区教育局,南宁市创业路学校,小学信息技术教师（聘用教师控制数）,251514,1,小学,信息技术,聘用教师控制数,计算机科学与技术类，教育技术学专业,大学本科及以上,无要求,18-35周岁,无要求,,,,笔试+面试,,,,1:3,,0771-3185216,http://gxq.nanning.gov.cn/bmwz/nngxqjyj/,True,False,信息技术/信息科技
2025,去色版,1546,高新技术产业开发区教育局,南宁市西庄路小学,小学信息技术教师（聘用教师控制数）,251546,1,小学,信息技术,聘用教师控制数,计算机科学与技术类，教育技术学专业,大学本科及以上,学士及以上,18-35周岁,助理级及以上,,,,笔试+面试,,,,1:3,,0771-3185216,http://gxq.nanning.gov.cn/bmwz/nngxqjyj/,True,False,信息技术/信息科技
2025,去色版,1568,高新技术产业开发区教育局,南宁市西宁路小学,小学信息技术教师（聘用教师控制数）,251568,1,小学,信息技术,聘用教师控制数,计算机科学与技术类，教育技术学专业,大学本科及以上,学士及以上,18-35周岁,助理级及以上,,,,笔试+面试,,,,1:3,,0771-3185216,http://gxq.nanning.gov.cn/bmwz/nngxqjyj/,True,False,信息技术/信息科技
2025,去色版,1664,横州市教育局,横州市职业技术学校,中职计算机应用专业教师（教职人员控制数）,251664,1,中职,计算机,中职学校教职人员控制数,计算机科学与技术类,大学本科及以上,学士及以上,18-30周岁,无要求,,,,笔试+面试,,,,1:3,,0771-7223518,http://www.gxhx.gov.cn/,False,True,相邻数字技术
2025,去色版,1665,横州市教育局,横州市职业技术学校,中职数字媒体技术应用专业教师（教职人员控制数）,251665,1,中职,未识别,中职学校教职人员控制数,视觉传达设计专业，数字媒体艺术专业，动漫设计与制作专业，影视摄影与制作专业，新媒体艺术专业，数字游戏设计专业，数字媒体技术专业，新媒体技术专业， 图形图像制作专业，媒体创意专业，计算机多媒体技术专业,大学本科及以上,学士及以上,18-30周岁,无要求,,,,笔试+面试,,,,1:3,,0771-7223518,http://www.gxhx.gov.cn/,False,True,相邻数字技术
2025,去色版,1708,横州市教育局,横州市百合中学,高中信息技术教师,251708,1,高中,信息技术,实名编,计算机科学与技术类，现代教育技术专业，科学与技术教育专业,大学本科及以上,学士及以上,18-30周岁,无要求,,,,笔试+面试,,,,1:3,,0771-7223518,http://www.gxhx.gov.cn/,True,False,信息技术/信息科技
2025,去色版,1811,横州市教育局,横州市石塘镇第三初级中学,初中信息技术教师,251811,1,初中,信息技术,实名编,计算机科学与技术类，现代教育技术专业，科学与技术教育专业,大学本科及以上,学士及以上,18-30周岁,无要求,,,,笔试+面试,,,,1:3,,0771-7223518,http://www.gxhx.gov.cn/,True,False,信息技术/信息科技
2025,去色版,1819,横州市教育局,横州市云表镇第一初级中学,初中信息技术教师,251819,1,初中,信息技术,实名编,计算机科学与技术类，现代教育技术专业，科学与技术教育专业,大学本科及以上,学士及以上,18-30周岁,无要求,,,,笔试+面试,,,,1:3,,0771-7223518,http://www.gxhx.gov.cn/,True,False,信息技术/信息科技
2025,去色版,1884,隆安县教育局,隆安县隆安中学,高中信息技术教师,251884,1,高中,信息技术,实名编,计算机科学与技术类,大学本科及以上,学士及以上,18-30周岁,无要求,,,,笔试+面试,,,,1:3,,0771-6528702,http://www.lax.gov.cn/,True,False,信息技术/信息科技
2025,去色版,1901,隆安县教育局,隆安县第三中学,初中信息技术教师,251901,1,初中,信息技术,实名编,计算机科学与技术类,大学本科及以上,学士及以上,18-35周岁,无要求,,,,笔试+面试,,,,1:3,,0771-6528702,http://www.lax.gov.cn/,True,False,信息技术/信息科技
2025,去色版,1920,隆安县教育局,隆安县职业教育中心（隆安县中等职业技术学校）,中职信息技术教师,251920,1,中职,信息技术,实名编,计算机科学与技术类,大学本科及以上,学士及以上,18-30周岁,无要求,,,,笔试+面试,,,,1:3,,0771-6528702,http://www.lax.gov.cn/,True,False,信息技术/信息科技
2026,岗位表,23,南宁市教育局,南宁市第二中学,中学信息技术教师,260023,1,中学,信息技术,实名编,计算机科学与技术类，教育技术学专业,大学本科及以上,学士及以上,18-38周岁,中级及以上,,,,直接面试,,,专业能力测试,1:3,21,0771-5757880,https://jy.nanning.gov.cn/,True,False,信息技术/信息科技
2026,岗位表,79,南宁市教育局,南宁市第三中学,初中信息技术教师 （聘用教师控制数）,260079,1,初中,信息技术,聘用教师控制数,计算机科学与技术专业，软件工程专业，网络工程专业，电子与计算机工程专业，数据科学与大数据技术专业，人工智能工程技术专业，计算机信息工程专业，计算机信息技术专业，计算机网络专业，计算机与智能科学专业，大数据工程技术专业，云计算技术专业专业，教育技术学专业，计算机科学技术专业,大学本科及以上,学士及以上,18-38周岁,不作要求,,,,笔试+面试,,,专业能力测试,1:3,,0771-5312130,https://jy.nanning.gov.cn/,True,False,信息技术/信息科技
2026,岗位表,96,南宁市教育局,南宁市第四中学,中学信息技术教师 （聘用教师控制数）,260096,1,中学,信息技术,聘用教师控制数,计算机科学与技术类，教育技术学专业,研究生,硕士及以上,18-38周岁,不作要求,,,,直接面试,,,专业能力测试,1:3,21,0771-4739595,https://jy.nanning.gov.cn/,True,False,信息技术/信息科技
2026,岗位表,124,南宁市教育局,南宁市第六职业技术学校,中职计算机教师一 （教职人员控制数）,260124,1,中职,计算机,中职学校教职人员控制数,软件工程专业，计算机科学与技术专业，计算机软件工程专业，计算机科学技术专业,大学本科及以上,学士及以上,18-38周岁,助理级及以上,,,,笔试+面试,,,专业能力测试,1:3,,0771-2812445,https://jy.nanning.gov.cn/,False,True,相邻数字技术
2026,岗位表,125,南宁市教育局,南宁市第六职业技术学校,中职计算机教师二 （教职人员控制数）,260125,1,中职,计算机,中职学校教职人员控制数,电子信息工程专业，大数据技术与工程专业，人工智能专业,大学本科及以上,学士及以上,18-38周岁,中级及以上,,,,直接面试,,,专业能力测试,1:3,21,0771-2812445,https://jy.nanning.gov.cn/,False,True,相邻数字技术
2026,岗位表,126,南宁市教育局,南宁市第六职业技术学校,中职计算机教师三 （教职人员控制数）,260126,1,中职,计算机,中职学校教职人员控制数,计算机科学与技术专业，数据科学与大数据技术专业，信息系统安全专业，计算机科学技术专业,大学本科及以上,学士及以上,18-38周岁,中级及以上,,,,直接面试,,,专业能力测试,1:3,21,0771-2812445,https://jy.nanning.gov.cn/,False,True,相邻数字技术
2026,岗位表,231,南宁市教育局,南宁市第十四中学,中学信息技术教师 （聘用教师控制数）,260231,1,中学,信息技术,聘用教师控制数,教育技术学专业，人工智能专业，现代教育技术专业,大学本科及以上,学士及以上,18-38周岁,不作要求,,,,笔试+面试,,,专业能力测试,1:3,,0771-5718695,https://jy.nanning.gov.cn/,True,False,信息技术/信息科技
2026,岗位表,285,南宁市教育局,南宁市第三职业技术学校,中职计算机教师 （教职人员控制数）,260285,1,中职,计算机,中职学校教职人员控制数,计算机科学与技术专业，计算机科学技术专业，软件工程专业，网络工程专业，计算机管理专业，计算机应用专业，计算机控制专业，教育技术学专业,大学本科及以上,学士及以上,18-43周岁,中级及以上,,,,直接面试,,,专业能力测试,1:3,21,0771-5608366,https://jy.nanning.gov.cn/,False,True,相邻数字技术
2026,岗位表,306,南宁市教育局,南宁市第四职业技术学校,中职智能制造专业教师,260306,2,中职,未识别,实名编,职业技术教育专业，职业技术教育学专业，中等职业学校教师专业,研究生,硕士及以上,18-38周岁,不作要求,,,,直接面试,,,专业能力测试,1:3,21,0771-5714369,https://jy.nanning.gov.cn/,False,True,相邻数字技术
2026,岗位表,417,南宁市教育局,南宁市中小学校外教育活动中心,信息技术教师,260417,1,未标注,信息技术,实名编,计算机科学与技术类,研究生,硕士及以上,18-38周岁,不作要求,,,,直接面试,,,专业能力测试,1:3,21,0771-5502620,https://jy.nanning.gov.cn/,True,False,信息技术/信息科技
2026,岗位表,440,宾阳县教育局,宾阳县开智中学,高中信息技术教师,260440,1,高中,信息技术,实名编,计算机科学与技术类，计算机教育专业，教育技术学专业，现代教育技术专业,大学本科及以上,学士及以上,18-38周岁,不作要求,,,,笔试+面试,,,专业能力测试,1:3,,0771-8229591,http://www.binyang.gov.cn/yw/tzgg/,True,False,信息技术/信息科技
2026,岗位表,454,宾阳县教育局,宾阳县新桥中学,高中信息技术教师,260454,1,高中,信息技术,实名编,计算机科学与技术类，职业技术教育学专业，教育技术学专业，现代教育技术专业，科学与技术教育专业，职业技术教育专业，科学教育专业，计算机科学技术专业,大学本科及以上,学士及以上,18-38周岁,不作要求,,,,笔试+面试,,,专业能力测试,1:3,,0771-8229591,http://www.binyang.gov.cn/yw/tzgg/,True,False,信息技术/信息科技
2026,岗位表,475,宾阳县教育局,宾阳县宾州镇第二初级中学,初中信息技术教师,260475,1,初中,信息技术,实名编,计算机科学与技术类，计算机教育专业，教育技术学专业，现代教育技术专业,大学本科及以上,学士及以上,18-38周岁,不作要求,,,,笔试+面试,,,专业能力测试,1:3,,0771-8229591,http://www.binyang.gov.cn/yw/tzgg/,True,False,信息技术/信息科技
2026,岗位表,486,宾阳县教育局,宾阳县宾州镇第三初级中学,初中信息技术教师,260486,1,初中,信息技术,实名编,计算机科学与技术类，计算机教育专业，教育技术学专业，现代教育技术专业,大学本科及以上,学士及以上,18-38周岁,不作要求,,,,笔试+面试,,,专业能力测试,1:3,,0771-8229591,http://www.binyang.gov.cn/yw/tzgg/,True,False,信息技术/信息科技
2026,岗位表,517,宾阳县教育局,宾阳县敷文中学,初中信息技术教师,260517,1,初中,信息技术,实名编,计算机科学与技术类，计算机教育专业，教育技术学专业，现代教育技术专业,大学本科及以上,学士及以上,18-38周岁,不作要求,,,,笔试+面试,,,专业能力测试,1:3,,0771-8229591,http://www.binyang.gov.cn/yw/tzgg/,True,False,信息技术/信息科技
2026,岗位表,531,宾阳县教育局,宾阳县黎塘镇第一初级中学,初中信息技术教师,260531,1,初中,信息技术,实名编,计算机科学与技术类，计算机教育专业，教育技术学专业，现代教育技术专业,大学本科及以上,学士及以上,18-38周岁,不作要求,,,,笔试+面试,,,专业能力测试,1:3,,0771-8229591,http://www.binyang.gov.cn/yw/tzgg/,True,False,信息技术/信息科技
2026,岗位表,592,马山县教育局,马山县民族职业技术学校（马山县综合高级中学）,高中信息技术教师,260592,1,高中,信息技术,实名编,计算机科学与技术类，教育技术学专业,大学本科及以上,学士及以上,18-38周岁,不作要求,,,,笔试+面试,,,专业能力测试,1:3,,0771-6819785,http://www.nnms.gov.cn/xxgk/xxgkml/jcxxgk/rsxx/zkzp/,True,False,信息技术/信息科技
2026,岗位表,614,隆安县教育局,隆安县隆安中学,高中信息技术教师,260614,2,高中,信息技术,实名编,计算机科学与技术类，教育技术学专业,大学本科及以上,学士及以上,18-38周岁,不作要求,,,,笔试+面试,,,专业能力测试,1:3,,0771-6528702,http://www.lax.gov.cn/,True,False,信息技术/信息科技
2026,岗位表,633,隆安县教育局,隆安县职业技术学校,中职信息技术教师,260633,1,中职,信息技术,实名编,计算机科学与技术类，教育技术学专业,大学本科及以上,学士及以上,18-38周岁,不作要求,,,,笔试+面试,,,专业能力测试,1:3,,0771-6528702,http://www.lax.gov.cn/,True,False,信息技术/信息科技
2026,岗位表,735,兴宁区教育局,南宁市兴宁区天德路学校,初中信息技术教师 （聘用教师控制数）,260735,1,初中,信息技术,聘用教师控制数,计算机科学与技术类，教育技术学专业,大学本科及以上,学士及以上,18-38周岁,助理级及以上,,,,笔试+面试,,,专业能力测试,1:3,,0771-3290742,http://www.nnxn.gov.cn/rmzfzcbm/jiaoyuju1/tzgg_27579/,True,False,信息技术/信息科技
2026,岗位表,911,青秀区教育局,南宁市民主路小学,小学信息技术教师 （聘用教师控制数）,260911,1,小学,信息技术,聘用教师控制数,电子信息工程专业，计算机科学与技术专业，人工智能专业，数据科学与大数据技术专业，教育技术学专业，计算机科学技术专业,大学本科及以上,学士及以上,18-38周岁,不作要求,,,,笔试+面试,,,专业能力测试,1:3,,0771-5826393,http://www.qingxiu.gov.cn/,True,False,信息技术/信息科技
2026,岗位表,933,青秀区教育局,南宁市仙葫学校,初中信息技术教师 （聘用教师控制数）,260933,1,初中,信息技术,聘用教师控制数,软件工程专业，信息管理与信息系统(工学学士学位)专业，计算机科学与技术专业，计算机科学技术专业，人工智能工程技术专业,大学本科及以上,学士及以上,18-38周岁,不作要求,,,,笔试+面试,,,专业能力测试,1:3,,0771-5826393,http://www.qingxiu.gov.cn/,True,False,信息技术/信息科技
2026,岗位表,1046,西乡塘区教育局,南宁市西大附属学校,小学信息技术教师 （聘用教师控制数）,261046,1,小学,信息技术,聘用教师控制数,计算机科学与技术类，计算机教育专业，信息科学技术专业,大学本科及以上,学士及以上,18-43周岁,中级及以上,,,,直接面试,,,专业能力测试,1:3,21,0771-3397153,http://www.xxtq.gov.cn/xxtqjyj/,True,False,信息技术/信息科技
2026,岗位表,1095,良庆区教育局,良庆区各小学,小学信息技术教师 （聘用教师控制数）,261095,1,小学,信息技术,聘用教师控制数,教育技术学专业，计算机教育专业，计算机科学与技术专业，计算机科学技术专业，计算机科学专业，计算机技术专业,大学本科及以上,学士及以上,18-38周岁,不作要求,,,,笔试+面试,,,专业能力测试,1:3,,0771-4503008、0771-4501877,http://www.liangqing.gov.cn/,True,False,信息技术/信息科技
2026,岗位表,1119,武鸣区教育局,南宁市武鸣区职业技术学校,中职工业机器人专业教师 （教职人员控制数）,261119,1,中职,未识别,中职学校教职人员控制数,机械设计制造及其自动化专业，机械电子工程专业，自动化专业,大学本科及以上,学士及以上,18-38周岁,不作要求,,,,笔试+面试,,,专业能力测试,1:3,,0771-6224125,http://www.wuming.gov.cn/,False,True,相邻数字技术
